From_Currency_Code,From_Currency_Name,To_Currency_Code,To_Currency_Name,Exchange_Rate,Last_Refreshed,Time_Zone,Bid_Price,Ask_Price
BTC,Bitcoin,EUR,Euro,18530.63844000,2020-12-21 18:00:03,UTC,18522.90145000,18540.71205000
BTC,Bitcoin,EUR,Euro,18561.28845000,2020-12-21 18:15:04,UTC,18561.28845000,18561.29662500
BTC,Bitcoin,EUR,Euro,18598.12539900,2020-12-21 18:30:04,UTC,18597.91300500,18597.92117400
BTC,Bitcoin,EUR,Euro,18607.35614400,2020-12-21 18:45:02,UTC,18608.79300800,18608.80117200
BTC,Bitcoin,EUR,Euro,18636.54718000,2020-12-21 19:00:04,UTC,18636.53901500,18636.54718000
BTC,Bitcoin,EUR,Euro,18641.33987800,2020-12-21 19:45:04,UTC,18641.33171700,18641.33987800
BTC,Bitcoin,EUR,Euro,18551.91584400,2020-12-21 19:50:01,UTC,18551.90768200,18551.91584400
BTC,Bitcoin,EUR,Euro,18607.95848700,2020-12-21 19:55:06,UTC,18607.95848700,18607.96665000
BTC,Bitcoin,EUR,Euro,18594.43170200,2020-12-21 19:56:09,UTC,18594.43170200,18594.43986400
BTC,Bitcoin,EUR,Euro,18629.84102900,2020-12-21 20:00:03,UTC,18629.83286800,18629.84102900
BTC,Bitcoin,EUR,Euro,18589.93373900,2020-12-21 20:05:04,UTC,18589.92557800,18589.93373900
BTC,Bitcoin,EUR,Euro,18616.67315200,2020-12-21 20:10:01,UTC,18615.26928800,18616.67315200
BTC,Bitcoin,EUR,Euro,18689.14309600,2020-12-21 20:15:04,UTC,18691.32288400,18691.33104800
BTC,Bitcoin,EUR,Euro,18683.95317000,2020-12-21 20:20:06,UTC,18683.95317000,18683.96133500
BTC,Bitcoin,EUR,Euro,18692.92125600,2020-12-21 20:25:03,UTC,18692.91309000,18692.92125600
BTC,Bitcoin,EUR,Euro,18685.67801400,2020-12-21 20:30:01,UTC,18685.66984800,18685.67801400
BTC,Bitcoin,EUR,Euro,18656.77384000,2020-12-21 20:35:04,UTC,18656.77384000,18656.78200800
BTC,Bitcoin,EUR,Euro,18724.09705100,2020-12-21 20:40:04,UTC,18724.08888400,18724.09705100
BTC,Bitcoin,EUR,Euro,18666.65514000,2020-12-21 20:45:04,UTC,18666.64697100,18666.65514000
BTC,Bitcoin,EUR,Euro,18637.93660600,2020-12-21 20:50:01,UTC,18637.93660600,18637.94477700
BTC,Bitcoin,EUR,Euro,18632.66666400,2020-12-21 20:55:06,UTC,18633.43483200,18633.44300400
BTC,Bitcoin,EUR,Euro,18663.80198400,2020-12-21 21:00:04,UTC,18663.83467200,18663.84284400
BTC,Bitcoin,EUR,Euro,18651.37695000,2020-12-21 21:05:03,UTC,18651.37695000,18651.38512500
BTC,Bitcoin,EUR,Euro,18665.78345500,2020-12-21 21:10:01,UTC,18665.78345500,18665.79162800
BTC,Bitcoin,EUR,Euro,18695.36845000,2020-12-21 21:15:04,UTC,18695.36845000,18695.37662400
BTC,Bitcoin,EUR,Euro,18701.13000000,2020-12-21 21:20:03,UTC,18698.33586000,18700.04339000
BTC,Bitcoin,EUR,Euro,18692.39311400,2020-12-21 21:25:03,UTC,18692.38494000,18692.39311400
BTC,Bitcoin,EUR,Euro,18712.53385000,2020-12-21 21:30:01,UTC,18712.41941400,18712.42758800
BTC,Bitcoin,EUR,Euro,18740.22313900,2020-12-21 21:35:03,UTC,18740.21496600,18740.22313900
BTC,Bitcoin,EUR,Euro,18810.96336000,2020-12-21 21:40:03,UTC,18810.30960000,18813.77452800
BTC,Bitcoin,EUR,Euro,18855.48948100,2020-12-21 21:45:04,UTC,18855.48948100,18855.49765200
BTC,Bitcoin,EUR,Euro,18854.51358000,2020-12-21 21:50:01,UTC,18854.51358000,18854.52175000
BTC,Bitcoin,EUR,Euro,18873.90691500,2020-12-21 21:55:05,UTC,18873.89874400,18873.90691500
BTC,Bitcoin,EUR,Euro,18885.13877000,2020-12-21 22:00:04,UTC,18885.31840000,18885.32656500
BTC,Bitcoin,EUR,Euro,18852.15368400,2020-12-21 22:05:07,UTC,18852.15368400,18852.47208000
BTC,Bitcoin,EUR,Euro,18876.54193200,2020-12-21 22:10:01,UTC,18876.53376600,18876.54193200
BTC,Bitcoin,EUR,Euro,18921.87139800,2020-12-21 22:15:04,UTC,18921.87139800,18921.87956400
BTC,Bitcoin,EUR,Euro,18966.44142600,2020-12-21 22:20:03,UTC,18966.44142600,18966.44959200
BTC,Bitcoin,EUR,Euro,18888.19774400,2020-12-21 22:25:04,UTC,18888.19774400,18888.20590800
BTC,Bitcoin,EUR,Euro,18881.92432600,2020-12-21 22:30:02,UTC,18881.75281900,18881.76098600
BTC,Bitcoin,EUR,Euro,18912.99697900,2020-12-21 22:35:03,UTC,18912.99697900,18913.00515000
BTC,Bitcoin,EUR,Euro,18908.71208600,2020-12-21 22:40:03,UTC,18908.70391900,18908.71208600
BTC,Bitcoin,EUR,Euro,18907.51087000,2020-12-21 22:45:04,UTC,18907.51087000,18907.51903500
BTC,Bitcoin,EUR,Euro,18903.43360500,2020-12-21 22:50:01,UTC,18903.42543600,18903.43360500
BTC,Bitcoin,EUR,Euro,18912.10552000,2020-12-21 22:55:03,UTC,18912.10552000,18912.11368800
BTC,Bitcoin,EUR,Euro,18934.65047800,2020-12-21 23:00:03,UTC,18935.54068100,18935.54884800
BTC,Bitcoin,EUR,Euro,18910.14000000,2020-12-21 23:05:01,UTC,18910.14000000,18911.66685500
BTC,Bitcoin,EUR,Euro,18902.44040500,2020-12-21 23:10:01,UTC,18902.44040500,18902.44857000
BTC,Bitcoin,EUR,Euro,18832.36440500,2020-12-21 23:15:03,UTC,18832.36440500,18832.37256600
BTC,Bitcoin,EUR,Euro,18832.18260000,2020-12-21 23:20:07,UTC,18832.17443800,18832.18260000
BTC,Bitcoin,EUR,Euro,18842.70341800,2020-12-21 23:25:04,UTC,18842.69525600,18842.70341800
BTC,Bitcoin,EUR,Euro,18845.77530500,2020-12-21 23:30:01,UTC,18845.76714000,18845.77530500
BTC,Bitcoin,EUR,Euro,18710.08933500,2020-12-21 23:35:08,UTC,18705.95784500,18710.08933500
BTC,Bitcoin,EUR,Euro,18756.93802400,2020-12-21 23:40:04,UTC,18756.93802400,18756.94619200
BTC,Bitcoin,EUR,Euro,18693.42179900,2020-12-21 23:45:04,UTC,18686.51251700,18692.60509900
BTC,Bitcoin,EUR,Euro,18651.35836000,2020-12-21 23:50:01,UTC,18651.35836000,18651.36653000
BTC,Bitcoin,EUR,Euro,18664.50893600,2020-12-21 23:55:03,UTC,18664.50076800,18664.95000800
BTC,Bitcoin,EUR,Euro,18568.34419900,2020-12-22 00:00:03,UTC,18565.81936000,18568.34419900
BTC,Bitcoin,EUR,Euro,18596.64681000,2020-12-22 00:05:05,UTC,18596.64681000,18601.92398400
BTC,Bitcoin,EUR,Euro,18679.50523100,2020-12-22 00:10:01,UTC,18678.87637200,18678.88453900
BTC,Bitcoin,EUR,Euro,18636.08589600,2020-12-22 00:15:02,UTC,18636.07773000,18636.08589600
BTC,Bitcoin,EUR,Euro,18688.88725200,2020-12-22 00:20:06,UTC,18687.07440000,18688.87908600
BTC,Bitcoin,EUR,Euro,18692.47734900,2020-12-22 00:25:03,UTC,18692.46918000,18692.47734900
BTC,Bitcoin,EUR,Euro,18697.56788000,2020-12-22 00:30:01,UTC,18697.55971000,18697.56788000
BTC,Bitcoin,EUR,Euro,18619.11137000,2020-12-22 00:35:05,UTC,18619.04601000,18619.05418000
BTC,Bitcoin,EUR,Euro,18524.64569100,2020-12-22 00:40:03,UTC,18523.68151300,18523.80407800
BTC,Bitcoin,EUR,Euro,18500.07596400,2020-12-22 00:45:03,UTC,18500.06779200,18500.07596400
BTC,Bitcoin,EUR,Euro,18487.32600000,2020-12-22 00:50:01,UTC,18487.52215200,18487.53032500
BTC,Bitcoin,EUR,Euro,18551.78396600,2020-12-22 00:55:02,UTC,18553.13267600,18553.75390000
BTC,Bitcoin,EUR,Euro,18452.05950500,2020-12-22 01:00:03,UTC,18451.92056400,18451.92873700
BTC,Bitcoin,EUR,Euro,18476.89200000,2020-12-22 01:05:03,UTC,18475.52727600,18476.89200000
BTC,Bitcoin,EUR,Euro,18528.25919400,2020-12-22 01:10:01,UTC,18528.25919400,18528.26736800
BTC,Bitcoin,EUR,Euro,18455.79668400,2020-12-22 01:15:03,UTC,18455.78851000,18455.79668400
BTC,Bitcoin,EUR,Euro,18495.34448500,2020-12-22 01:20:03,UTC,18495.34448500,18495.35265600
BTC,Bitcoin,EUR,Euro,18458.14021700,2020-12-22 01:25:06,UTC,18458.14021700,18458.14839000
BTC,Bitcoin,EUR,Euro,18466.25323200,2020-12-22 01:30:01,UTC,18466.24506300,18466.25323200
BTC,Bitcoin,EUR,Euro,18494.12249800,2020-12-22 01:35:06,UTC,18494.12249800,18494.13066500
BTC,Bitcoin,EUR,Euro,18548.79099600,2020-12-22 01:40:06,UTC,18548.78282500,18548.79099600
BTC,Bitcoin,EUR,Euro,18591.10387200,2020-12-22 01:45:04,UTC,18591.10387200,18591.11204400
BTC,Bitcoin,EUR,Euro,18651.88935500,2020-12-22 01:50:01,UTC,18651.88935500,18651.89752800
BTC,Bitcoin,EUR,Euro,18607.76658000,2020-12-22 01:55:03,UTC,18607.76658000,18610.10377200
BTC,Bitcoin,EUR,Euro,18613.19837300,2020-12-22 02:00:03,UTC,18613.19020000,18613.19837300
BTC,Bitcoin,EUR,Euro,18627.84438900,2020-12-22 02:05:03,UTC,18627.84438900,18627.85256200
BTC,Bitcoin,EUR,Euro,18669.73101400,2020-12-22 02:10:01,UTC,18669.73101400,18669.73918700
BTC,Bitcoin,EUR,Euro,18684.02559100,2020-12-22 02:15:04,UTC,18684.47510600,18684.48327900
BTC,Bitcoin,EUR,Euro,18680.26601100,2020-12-22 02:20:03,UTC,18680.25783800,18680.26601100
BTC,Bitcoin,EUR,Euro,18707.44940900,2020-12-22 02:25:03,UTC,18707.44123600,18707.44940900
BTC,Bitcoin,EUR,Euro,18647.92156800,2020-12-22 02:30:01,UTC,18647.91339700,18647.92156800
BTC,Bitcoin,EUR,Euro,18680.12146800,2020-12-22 02:35:03,UTC,18680.12146800,18680.12964000
BTC,Bitcoin,EUR,Euro,18697.97711400,2020-12-22 02:40:06,UTC,18697.97711400,18697.98528500
BTC,Bitcoin,EUR,Euro,18722.04382800,2020-12-22 02:45:04,UTC,18722.03565600,18722.04382800
BTC,Bitcoin,EUR,Euro,18699.35835600,2020-12-22 02:50:01,UTC,18699.35018400,18699.35835600
BTC,Bitcoin,EUR,Euro,18713.90463600,2020-12-22 02:55:06,UTC,18714.06801600,18714.07618500
BTC,Bitcoin,EUR,Euro,18770.04641600,2020-12-22 03:00:03,UTC,18767.61903500,18767.62720800
BTC,Bitcoin,EUR,Euro,18699.41535000,2020-12-22 03:05:04,UTC,18699.41535000,18699.42352300
BTC,Bitcoin,EUR,Euro,18682.93430300,2020-12-22 03:10:01,UTC,18682.92613200,18682.93430300
BTC,Bitcoin,EUR,Euro,18714.74900400,2020-12-22 03:15:03,UTC,18714.74900400,18714.93700600
BTC,Bitcoin,EUR,Euro,18653.92025900,2020-12-22 03:20:03,UTC,18653.92025900,18653.92843600
BTC,Bitcoin,EUR,Euro,18649.92900000,2020-12-22 03:25:04,UTC,18649.92082200,18649.92900000
BTC,Bitcoin,EUR,Euro,18672.51475700,2020-12-22 03:30:01,UTC,18672.51475700,18672.52293400
BTC,Bitcoin,EUR,Euro,18652.66860000,2020-12-22 03:35:03,UTC,18652.66860000,18652.67677500
BTC,Bitcoin,EUR,Euro,18607.64393600,2020-12-22 03:40:03,UTC,18607.64393600,18607.65211200
BTC,Bitcoin,EUR,Euro,18676.24530000,2020-12-22 03:45:03,UTC,18676.23712500,18676.24530000
BTC,Bitcoin,EUR,Euro,18736.24980000,2020-12-22 03:50:01,UTC,18736.24162500,18736.24980000
BTC,Bitcoin,EUR,Euro,18709.37857500,2020-12-22 03:55:03,UTC,18709.37857500,18709.38675000
BTC,Bitcoin,EUR,Euro,18692.23560000,2020-12-22 04:00:03,UTC,18692.22742500,18693.42915000
BTC,Bitcoin,EUR,Euro,18802.50000000,2020-12-22 04:05:03,UTC,18802.49182500,18802.50000000
BTC,Bitcoin,EUR,Euro,18860.06017500,2020-12-22 04:10:01,UTC,18860.05200000,18860.06017500
BTC,Bitcoin,EUR,Euro,18823.11735000,2020-12-22 04:15:04,UTC,18823.10917500,18823.11735000
BTC,Bitcoin,EUR,Euro,18819.66804900,2020-12-22 04:20:03,UTC,18819.66804900,18819.67622600
BTC,Bitcoin,EUR,Euro,18821.00090000,2020-12-22 04:25:03,UTC,18820.99272300,18821.00090000
BTC,Bitcoin,EUR,Euro,18795.84905400,2020-12-22 04:30:01,UTC,18795.84087600,18795.84905400
BTC,Bitcoin,EUR,Euro,18778.99778000,2020-12-22 04:35:03,UTC,18778.62968000,18778.63786000
BTC,Bitcoin,EUR,Euro,18799.24190300,2020-12-22 04:40:03,UTC,18799.98601000,18799.99418700
BTC,Bitcoin,EUR,Euro,18768.76025000,2020-12-22 04:45:03,UTC,18768.75207100,18771.14033900
BTC,Bitcoin,EUR,Euro,18775.71405900,2020-12-22 04:50:01,UTC,18774.76506300,18774.77324400
BTC,Bitcoin,EUR,Euro,18749.12247100,2020-12-22 04:55:04,UTC,18749.12247100,18749.13065000
BTC,Bitcoin,EUR,Euro,18780.31903200,2020-12-22 05:00:04,UTC,18780.31085400,18780.31903200
BTC,Bitcoin,EUR,Euro,18738.49042000,2020-12-22 05:05:03,UTC,18738.48224000,18738.49042000
BTC,Bitcoin,EUR,Euro,18705.02130300,2020-12-22 05:10:02,UTC,18705.02130300,18705.02948200
BTC,Bitcoin,EUR,Euro,18707.30826000,2020-12-22 05:15:04,UTC,18707.30008000,18707.30826000
BTC,Bitcoin,EUR,Euro,18715.75551000,2020-12-22 05:20:03,UTC,18715.75551000,18715.76369100
BTC,Bitcoin,EUR,Euro,18620.76591900,2020-12-22 05:25:04,UTC,18620.75773800,18620.76591900
BTC,Bitcoin,EUR,Euro,18671.65164000,2020-12-22 05:30:02,UTC,18671.64346000,18671.65164000
BTC,Bitcoin,EUR,Euro,18647.23434000,2020-12-22 05:35:03,UTC,18647.22616000,18647.23434000
BTC,Bitcoin,EUR,Euro,18567.85121100,2020-12-22 05:40:02,UTC,18567.84303000,18567.85121100
BTC,Bitcoin,EUR,Euro,18527.19164100,2020-12-22 05:45:04,UTC,18527.18346000,18527.19164100
BTC,Bitcoin,EUR,Euro,18540.63225000,2020-12-22 05:50:01,UTC,18540.62406700,18540.63225000
BTC,Bitcoin,EUR,Euro,18565.11578600,2020-12-22 05:55:02,UTC,18565.10760300,18565.11578600
BTC,Bitcoin,EUR,Euro,18576.80553600,2020-12-22 06:00:04,UTC,18576.80553600,18576.81371800
BTC,Bitcoin,EUR,Euro,18599.06057600,2020-12-22 06:05:03,UTC,18599.05239400,18599.06057600
BTC,Bitcoin,EUR,Euro,18523.24839900,2020-12-22 06:10:03,UTC,18523.24021800,18523.24839900
BTC,Bitcoin,EUR,Euro,18549.77303400,2020-12-22 06:15:05,UTC,18549.82210200,18549.83028000
BTC,Bitcoin,EUR,Euro,18597.03369600,2020-12-22 06:20:02,UTC,18597.46713000,18597.47530800
BTC,Bitcoin,EUR,Euro,18623.92702300,2020-12-22 06:25:03,UTC,18623.92702300,18623.93520000
BTC,Bitcoin,EUR,Euro,18652.10317300,2020-12-22 06:30:02,UTC,18651.90687700,18651.97230900
BTC,Bitcoin,EUR,Euro,18630.29795900,2020-12-22 06:35:03,UTC,18630.28978000,18630.29795900
BTC,Bitcoin,EUR,Euro,18607.15273500,2020-12-22 06:40:02,UTC,18607.15273500,18607.16091600
BTC,Bitcoin,EUR,Euro,18606.50612000,2020-12-22 06:45:06,UTC,18606.50612000,18606.51430000
BTC,Bitcoin,EUR,Euro,18645.53798700,2020-12-22 06:50:01,UTC,18645.52980600,18645.53798700
BTC,Bitcoin,EUR,Euro,18682.00969200,2020-12-22 06:55:03,UTC,18682.00151000,18682.00969200
BTC,Bitcoin,EUR,Euro,18626.21824700,2020-12-22 07:00:05,UTC,18626.21824700,18626.22643000
BTC,Bitcoin,EUR,Euro,18593.81591400,2020-12-22 07:05:03,UTC,18593.81591400,18593.82409600
BTC,Bitcoin,EUR,Euro,18653.92351200,2020-12-22 07:10:01,UTC,18653.03996400,18653.04814500
BTC,Bitcoin,EUR,Euro,18649.51043000,2020-12-22 07:15:04,UTC,18649.50225100,18649.51043000
BTC,Bitcoin,EUR,Euro,18592.48645800,2020-12-22 07:20:02,UTC,18592.48645800,18592.49463500
BTC,Bitcoin,EUR,Euro,18632.17912900,2020-12-22 07:25:02,UTC,18632.17095000,18632.17912900
BTC,Bitcoin,EUR,Euro,18612.34664000,2020-12-22 07:30:04,UTC,18612.34664000,18612.35482000
BTC,Bitcoin,EUR,Euro,18545.13024000,2020-12-22 07:35:03,UTC,18545.12206400,18545.13024000
BTC,Bitcoin,EUR,Euro,18466.21722400,2020-12-22 07:40:02,UTC,18467.48465900,18467.49283600
BTC,Bitcoin,EUR,Euro,18528.18253000,2020-12-22 07:45:03,UTC,18528.18253000,18529.08200000
BTC,Bitcoin,EUR,Euro,18465.38317000,2020-12-22 07:50:01,UTC,18464.71265600,18465.38317000
BTC,Bitcoin,EUR,Euro,18511.96753900,2020-12-22 07:55:03,UTC,18511.10077700,18511.96753900
BTC,Bitcoin,EUR,Euro,18540.71408000,2020-12-22 08:00:04,UTC,18541.12323000,18541.13141300
BTC,Bitcoin,EUR,Euro,18494.66137600,2020-12-22 08:05:03,UTC,18494.65318800,18494.66137600
BTC,Bitcoin,EUR,Euro,18499.11989100,2020-12-22 08:10:01,UTC,18498.03973500,18498.04791800
BTC,Bitcoin,EUR,Euro,18487.29590400,2020-12-22 08:15:04,UTC,18487.29590400,18487.30408800
BTC,Bitcoin,EUR,Euro,18467.95162600,2020-12-22 08:20:04,UTC,18467.95162600,18467.95981200
BTC,Bitcoin,EUR,Euro,18354.15694200,2020-12-22 08:25:02,UTC,18350.33361300,18356.40836700
BTC,Bitcoin,EUR,Euro,18391.71789000,2020-12-22 08:30:03,UTC,18391.71789000,18391.72608000
BTC,Bitcoin,EUR,Euro,18449.43489400,2020-12-22 08:35:02,UTC,18449.43489400,18449.44308000
BTC,Bitcoin,EUR,Euro,18495.39662600,2020-12-22 08:40:02,UTC,18493.63728100,18495.38026000
BTC,Bitcoin,EUR,Euro,18520.62792400,2020-12-22 08:45:04,UTC,18520.61974200,18520.62792400
BTC,Bitcoin,EUR,Euro,18544.58463900,2020-12-22 08:50:01,UTC,18544.58463900,18544.59282200
BTC,Bitcoin,EUR,Euro,18531.50370000,2020-12-22 08:55:03,UTC,18531.49552000,18531.50370000
BTC,Bitcoin,EUR,Euro,18551.72466000,2020-12-22 09:00:05,UTC,18551.72466000,18552.30544000
BTC,Bitcoin,EUR,Euro,18634.04818000,2020-12-22 09:05:03,UTC,18634.59624000,18634.60442000
BTC,Bitcoin,EUR,Euro,18628.65802200,2020-12-22 09:10:01,UTC,18628.64984400,18628.65802200
BTC,Bitcoin,EUR,Euro,18631.70335000,2020-12-22 09:15:03,UTC,18631.70335000,18631.71152700
BTC,Bitcoin,EUR,Euro,18594.35765100,2020-12-22 09:20:03,UTC,18594.35765100,18594.36583200
BTC,Bitcoin,EUR,Euro,18591.52232700,2020-12-22 09:25:02,UTC,18591.92329400,18592.07058800
BTC,Bitcoin,EUR,Euro,18602.49149000,2020-12-22 09:30:02,UTC,18602.49149000,18602.49967500
BTC,Bitcoin,EUR,Euro,18593.62535800,2020-12-22 09:35:03,UTC,18593.62535800,18593.63354100
BTC,Bitcoin,EUR,Euro,18557.40740000,2020-12-22 09:40:03,UTC,18557.39921700,18557.40740000
BTC,Bitcoin,EUR,Euro,18550.05081600,2020-12-22 09:45:03,UTC,18549.46156800,18549.46975200
BTC,Bitcoin,EUR,Euro,18533.18207100,2020-12-22 09:50:01,UTC,18533.17388400,18533.18207100
BTC,Bitcoin,EUR,Euro,18599.70144600,2020-12-22 09:55:02,UTC,18596.52489000,18599.70144600
BTC,Bitcoin,EUR,Euro,18660.68281000,2020-12-22 10:00:04,UTC,18661.59145600,18662.97489000
BTC,Bitcoin,EUR,Euro,18630.01790700,2020-12-22 10:05:02,UTC,18630.01790700,18630.93485100
BTC,Bitcoin,EUR,Euro,18619.75281000,2020-12-22 10:10:01,UTC,18619.74462400,18619.75281000
BTC,Bitcoin,EUR,Euro,18658.49714800,2020-12-22 10:15:04,UTC,18658.48896200,18658.49714800
BTC,Bitcoin,EUR,Euro,18601.72459200,2020-12-22 10:20:03,UTC,18601.71640800,18601.72459200
BTC,Bitcoin,EUR,Euro,18594.64398600,2020-12-22 10:25:02,UTC,18594.64398600,18594.65216700
BTC,Bitcoin,EUR,Euro,18576.88634000,2020-12-22 10:30:03,UTC,18576.87816000,18576.88634000
BTC,Bitcoin,EUR,Euro,18566.76161600,2020-12-22 10:35:02,UTC,18566.75343900,18566.76161600
BTC,Bitcoin,EUR,Euro,18550.53635100,2020-12-22 10:40:01,UTC,18550.53635100,18550.54453000
BTC,Bitcoin,EUR,Euro,18570.87818100,2020-12-22 10:45:04,UTC,18570.87000000,18570.87818100
BTC,Bitcoin,EUR,Euro,18738.49792500,2020-12-22 11:30:06,UTC,18738.04012500,18738.49792500
BTC,Bitcoin,EUR,Euro,18887.14140000,2020-12-22 11:55:03,UTC,18887.14140000,18887.14956600
BTC,Bitcoin,EUR,Euro,18890.53583500,2020-12-22 12:00:04,UTC,18890.53583500,18892.17700000
BTC,Bitcoin,EUR,Euro,18936.49670400,2020-12-22 12:05:03,UTC,18936.49670400,18936.50487000
BTC,Bitcoin,EUR,Euro,18893.98184400,2020-12-22 12:10:01,UTC,18893.98184400,18893.99000700
BTC,Bitcoin,EUR,Euro,18884.96544000,2020-12-22 12:15:04,UTC,18884.96544000,18884.97360000
BTC,Bitcoin,EUR,Euro,18880.86923100,2020-12-22 12:20:03,UTC,18880.98342900,18881.18735400
BTC,Bitcoin,EUR,Euro,18917.82646600,2020-12-22 12:25:02,UTC,18917.82646600,18917.83462800
BTC,Bitcoin,EUR,Euro,18869.72725000,2020-12-22 12:30:03,UTC,18869.72725000,18869.73540900
BTC,Bitcoin,EUR,Euro,18854.60046400,2020-12-22 12:35:02,UTC,18854.59230500,18854.60046400
BTC,Bitcoin,EUR,Euro,18878.24976000,2020-12-22 12:40:03,UTC,18878.24976000,18880.20816000
BTC,Bitcoin,EUR,Euro,18847.69856200,2020-12-22 12:45:04,UTC,18847.69856200,18847.70672400
BTC,Bitcoin,EUR,Euro,18976.63367600,2020-12-22 12:50:01,UTC,18976.63367600,18976.64183800
BTC,Bitcoin,EUR,Euro,18956.79185400,2020-12-22 12:55:02,UTC,18956.78369200,18956.79185400
BTC,Bitcoin,EUR,Euro,18924.80299200,2020-12-22 13:00:04,UTC,18924.79482600,18924.80299200
BTC,Bitcoin,EUR,Euro,18903.11409600,2020-12-22 13:05:03,UTC,18903.11409600,18903.12226200
BTC,Bitcoin,EUR,Euro,18927.19400700,2020-12-22 13:10:01,UTC,18928.91724400,18928.92541100
BTC,Bitcoin,EUR,Euro,18885.59947600,2020-12-22 13:15:04,UTC,18877.34263900,18885.59947600
BTC,Bitcoin,EUR,Euro,18931.23780000,2020-12-22 13:20:02,UTC,18931.23780000,18931.24596600
BTC,Bitcoin,EUR,Euro,18969.48999000,2020-12-22 13:25:04,UTC,18969.48182000,18969.48999000
BTC,Bitcoin,EUR,Euro,18909.53247500,2020-12-22 13:30:04,UTC,18909.44259400,18909.54064600
BTC,Bitcoin,EUR,Euro,19174.15031000,2020-12-22 13:55:03,UTC,19166.65750300,19174.15031000
BTC,Bitcoin,EUR,Euro,19201.02472900,2020-12-22 14:00:04,UTC,19201.02472900,19201.03290000
BTC,Bitcoin,EUR,Euro,19255.13172500,2020-12-22 14:05:04,UTC,19255.13172500,19255.13989200
BTC,Bitcoin,EUR,Euro,19213.07998400,2020-12-22 14:10:01,UTC,19213.07998400,19213.08815200
BTC,Bitcoin,EUR,Euro,19254.23428100,2020-12-22 14:15:05,UTC,19254.23428100,19254.24245200
BTC,Bitcoin,EUR,Euro,19190.99299000,2020-12-22 14:55:06,UTC,19190.98480500,19190.99299000
BTC,Bitcoin,EUR,Euro,19200.85181200,2020-12-22 15:00:05,UTC,19200.85181200,19200.86000000
BTC,Bitcoin,EUR,Euro,19153.00296000,2020-12-22 15:05:03,UTC,19152.99477000,19153.00296000
BTC,Bitcoin,EUR,Euro,19191.55605000,2020-12-22 15:10:02,UTC,19191.54786300,19191.55605000
BTC,Bitcoin,EUR,Euro,19207.43160300,2020-12-22 15:15:03,UTC,19207.43160300,19207.43979600
BTC,Bitcoin,EUR,Euro,19229.47299000,2020-12-22 15:20:03,UTC,19229.47299000,19229.48118000
BTC,Bitcoin,EUR,Euro,19254.74522800,2020-12-22 15:25:04,UTC,19253.15675600,19256.75947600
BTC,Bitcoin,EUR,Euro,19277.40961200,2020-12-22 15:30:03,UTC,19277.40961200,19277.41780000
BTC,Bitcoin,EUR,Euro,19272.22189200,2020-12-22 15:35:03,UTC,19272.21370300,19272.22189200
BTC,Bitcoin,EUR,Euro,19273.38930400,2020-12-22 15:40:03,UTC,19273.38111600,19273.38930400
BTC,Bitcoin,EUR,Euro,19271.80288000,2020-12-22 15:45:04,UTC,19271.79468800,19271.80288000
BTC,Bitcoin,EUR,Euro,19327.50137500,2020-12-22 15:50:01,UTC,19328.62436400,19328.85388000
BTC,Bitcoin,EUR,Euro,19288.76840200,2020-12-22 15:55:04,UTC,19288.76020100,19288.76840200
BTC,Bitcoin,EUR,Euro,19194.42982700,2020-12-22 16:00:04,UTC,19194.42982700,19194.43804000
BTC,Bitcoin,EUR,Euro,19223.36422600,2020-12-22 16:05:04,UTC,19223.35601300,19223.36422600
BTC,Bitcoin,EUR,Euro,19206.39805200,2020-12-22 16:10:01,UTC,19205.74930400,19205.75751600
BTC,Bitcoin,EUR,Euro,19199.02039300,2020-12-22 16:15:05,UTC,19199.02039300,19199.02860200
BTC,Bitcoin,EUR,Euro,19231.21267200,2020-12-22 16:20:03,UTC,19231.21267200,19231.22088000
BTC,Bitcoin,EUR,Euro,19180.87850300,2020-12-22 16:25:03,UTC,19179.92625900,19180.87850300
BTC,Bitcoin,EUR,Euro,19175.29638300,2020-12-22 16:30:02,UTC,19175.29638300,19175.30459200
BTC,Bitcoin,EUR,Euro,19142.54241900,2020-12-22 16:35:04,UTC,19141.49962200,19141.50783300
BTC,Bitcoin,EUR,Euro,19130.58267000,2020-12-22 16:40:03,UTC,19129.88439500,19130.58267000
BTC,Bitcoin,EUR,Euro,19098.19810600,2020-12-22 16:45:05,UTC,19098.18989300,19098.19810600
BTC,Bitcoin,EUR,Euro,19156.16546000,2020-12-22 16:50:01,UTC,19156.16546000,19156.17367300
BTC,Bitcoin,EUR,Euro,19153.89804000,2020-12-22 16:55:03,UTC,19153.89804000,19153.90625400
BTC,Bitcoin,EUR,Euro,19177.98970200,2020-12-22 17:00:03,UTC,19179.15609000,19179.16430400
BTC,Bitcoin,EUR,Euro,19191.29112600,2020-12-22 17:05:04,UTC,19191.28291500,19191.29112600
BTC,Bitcoin,EUR,Euro,19183.08418400,2020-12-22 17:10:01,UTC,19183.07597200,19183.08418400
BTC,Bitcoin,EUR,Euro,19176.38816100,2020-12-22 17:15:04,UTC,19176.38816100,19176.39637200
BTC,Bitcoin,EUR,Euro,19193.29695000,2020-12-22 17:20:03,UTC,19193.28874000,19193.29695000
BTC,Bitcoin,EUR,Euro,19179.49554000,2020-12-22 17:25:02,UTC,19177.81208000,19177.82029200
BTC,Bitcoin,EUR,Euro,19148.64305600,2020-12-22 17:30:03,UTC,19148.63484400,19148.64305600
BTC,Bitcoin,EUR,Euro,19175.83428000,2020-12-22 17:35:03,UTC,19175.83428000,19175.84249000
BTC,Bitcoin,EUR,Euro,19094.24765300,2020-12-22 17:40:01,UTC,19092.90893400,19094.23944000
BTC,Bitcoin,EUR,Euro,19158.70987800,2020-12-22 17:45:03,UTC,19158.70987800,19158.71808900
BTC,Bitcoin,EUR,Euro,19191.52637400,2020-12-22 17:50:02,UTC,19191.51816000,19191.52637400
BTC,Bitcoin,EUR,Euro,19170.25896800,2020-12-22 17:55:04,UTC,19170.25896800,19170.26718100
BTC,Bitcoin,EUR,Euro,19170.76618400,2020-12-22 18:00:03,UTC,19170.76618400,19170.77439600
BTC,Bitcoin,EUR,Euro,19208.48007000,2020-12-22 18:05:05,UTC,19208.47185600,19208.48007000
BTC,Bitcoin,EUR,Euro,19196.68018900,2020-12-22 18:10:01,UTC,19196.67197600,19196.68018900
BTC,Bitcoin,EUR,Euro,19244.74266500,2020-12-22 18:15:04,UTC,19244.73445200,19244.74266500
BTC,Bitcoin,EUR,Euro,19230.21285200,2020-12-22 18:20:03,UTC,19230.20464000,19230.21285200
BTC,Bitcoin,EUR,Euro,19274.11420400,2020-12-22 18:25:03,UTC,19274.11420400,19274.12241600
BTC,Bitcoin,EUR,Euro,19269.16510200,2020-12-22 18:30:02,UTC,19269.15688800,19269.16510200
BTC,Bitcoin,EUR,Euro,19282.35905200,2020-12-22 18:35:03,UTC,19282.35905200,19282.36726400
BTC,Bitcoin,EUR,Euro,19280.39345100,2020-12-22 18:40:04,UTC,19280.38523400,19280.39345100
BTC,Bitcoin,EUR,Euro,19270.26930000,2020-12-22 18:45:03,UTC,19270.26108000,19270.26930000
BTC,Bitcoin,EUR,Euro,19291.44304000,2020-12-22 18:50:02,UTC,19291.43481800,19291.44304000
BTC,Bitcoin,EUR,Euro,19317.54308800,2020-12-22 18:55:04,UTC,19318.56224400,19318.57046300
BTC,Bitcoin,EUR,Euro,19267.20993200,2020-12-22 19:00:03,UTC,19267.20993200,19267.21815100
BTC,Bitcoin,EUR,Euro,19301.48886000,2020-12-22 19:05:04,UTC,19301.48886000,19301.49708000
BTC,Bitcoin,EUR,Euro,19280.73018700,2020-12-22 19:10:01,UTC,19280.72196800,19280.73018700
BTC,Bitcoin,EUR,Euro,19263.31576000,2020-12-22 19:15:03,UTC,19263.30754400,19263.31576000
BTC,Bitcoin,EUR,Euro,19179.57655800,2020-12-22 19:45:05,UTC,19179.57655800,19181.44272500
BTC,Bitcoin,EUR,Euro,19242.17125200,2020-12-22 19:50:01,UTC,19242.17125200,19242.17947300
BTC,Bitcoin,EUR,Euro,19239.04884900,2020-12-22 19:55:05,UTC,19239.04062600,19239.04884900
BTC,Bitcoin,EUR,Euro,19244.92704000,2020-12-22 20:00:03,UTC,19244.91882000,19244.92704000
BTC,Bitcoin,EUR,Euro,19236.01031600,2020-12-22 20:05:03,UTC,19234.73590600,19234.74412800
BTC,Bitcoin,EUR,Euro,19240.94351600,2020-12-22 20:10:01,UTC,19241.23128600,19241.23950800
BTC,Bitcoin,EUR,Euro,19246.04662200,2020-12-22 20:15:04,UTC,19246.10418300,19246.11240600
BTC,Bitcoin,EUR,Euro,19273.24008300,2020-12-22 20:20:04,UTC,19273.24008300,19273.24830600
BTC,Bitcoin,EUR,Euro,19217.20280400,2020-12-22 20:25:03,UTC,19217.20280400,19217.21103000
BTC,Bitcoin,EUR,Euro,19162.31070600,2020-12-22 20:30:02,UTC,19162.31070600,19162.31893200
BTC,Bitcoin,EUR,Euro,19192.93880000,2020-12-22 20:35:03,UTC,19192.93057500,19193.36650000
BTC,Bitcoin,EUR,Euro,19207.58752500,2020-12-22 20:40:03,UTC,19207.58752500,19207.59575000
BTC,Bitcoin,EUR,Euro,19235.15772500,2020-12-22 20:45:03,UTC,19235.42092500,19235.42915000
BTC,Bitcoin,EUR,Euro,19213.95367500,2020-12-22 20:50:01,UTC,19213.94545000,19213.95367500
BTC,Bitcoin,EUR,Euro,19251.36901200,2020-12-22 20:55:03,UTC,19251.36079000,19251.36901200
BTC,Bitcoin,EUR,Euro,19264.31812800,2020-12-22 21:00:04,UTC,19264.30990500,19264.31812800
BTC,Bitcoin,EUR,Euro,19283.53700000,2020-12-22 21:05:04,UTC,19283.52878200,19283.53700000
BTC,Bitcoin,EUR,Euro,19288.29522200,2020-12-22 21:10:01,UTC,19288.29522200,19288.30344000
BTC,Bitcoin,EUR,Euro,19303.29307200,2020-12-22 21:15:04,UTC,19303.29307200,19303.30129000
BTC,Bitcoin,EUR,Euro,19306.81729300,2020-12-22 21:20:04,UTC,19306.80907400,19306.81729300
BTC,Bitcoin,EUR,Euro,19290.70578600,2020-12-22 21:25:03,UTC,19290.70578600,19290.71400300
BTC,Bitcoin,EUR,Euro,19234.41933600,2020-12-22 21:30:03,UTC,19234.41933600,19234.42755300
BTC,Bitcoin,EUR,Euro,19284.87256300,2020-12-22 21:35:04,UTC,19284.86434400,19284.87256300
BTC,Bitcoin,EUR,Euro,19278.02549000,2020-12-22 21:40:02,UTC,19277.64760000,19278.28837000
BTC,Bitcoin,EUR,Euro,19230.18063200,2020-12-22 21:45:04,UTC,19230.18063200,19230.18884800
BTC,Bitcoin,EUR,Euro,19232.46000000,2020-12-22 21:50:04,UTC,19232.46000000,19232.46821900
BTC,Bitcoin,EUR,Euro,19249.51396500,2020-12-22 21:55:03,UTC,19249.51396500,19251.35457300
BTC,Bitcoin,EUR,Euro,19265.16468000,2020-12-22 22:00:01,UTC,19265.15646000,19265.16468000
BTC,Bitcoin,EUR,Euro,19214.60771400,2020-12-22 22:05:03,UTC,19214.60771400,19214.61592800
BTC,Bitcoin,EUR,Euro,19259.57448100,2020-12-22 22:10:03,UTC,19259.57448100,19259.58270000
BTC,Bitcoin,EUR,Euro,19262.28054400,2020-12-22 22:15:04,UTC,19263.48008000,19263.48829600
BTC,Bitcoin,EUR,Euro,19290.80668800,2020-12-22 22:20:03,UTC,19290.80668800,19290.81490900
BTC,Bitcoin,EUR,Euro,19270.63540800,2020-12-22 22:25:03,UTC,19270.63540800,19270.64362200
BTC,Bitcoin,EUR,Euro,19244.51755200,2020-12-22 22:30:01,UTC,19244.51755200,19244.52576800
BTC,Bitcoin,EUR,Euro,19234.79178000,2020-12-22 22:35:03,UTC,19234.79178000,19234.80000000
BTC,Bitcoin,EUR,Euro,19282.01235100,2020-12-22 22:40:02,UTC,19282.01235100,19282.02057000
BTC,Bitcoin,EUR,Euro,19279.60057800,2020-12-22 22:45:03,UTC,19279.65810400,19279.66632200
BTC,Bitcoin,EUR,Euro,19367.10578900,2020-12-22 22:50:01,UTC,19368.05942500,19368.06764600
BTC,Bitcoin,EUR,Euro,19387.35892500,2020-12-22 22:55:06,UTC,19387.35892500,19387.36714000
BTC,Bitcoin,EUR,Euro,19499.61690000,2020-12-22 23:00:02,UTC,19501.92531500,19501.93353000
BTC,Bitcoin,EUR,Euro,19443.73090400,2020-12-22 23:05:02,UTC,19443.73090400,19443.73912000
BTC,Bitcoin,EUR,Euro,19458.95778600,2020-12-22 23:10:01,UTC,19458.95778600,19458.96600000
BTC,Bitcoin,EUR,Euro,19523.91687000,2020-12-22 23:15:03,UTC,19523.91687000,19523.92508500
BTC,Bitcoin,EUR,Euro,19471.49695500,2020-12-22 23:20:03,UTC,19471.48874000,19471.49695500
BTC,Bitcoin,EUR,Euro,19461.37244000,2020-12-22 23:25:03,UTC,19461.37244000,19461.38065200
BTC,Bitcoin,EUR,Euro,19434.42704700,2020-12-22 23:30:01,UTC,19434.42704700,19434.43525800
BTC,Bitcoin,EUR,Euro,19468.04879600,2020-12-22 23:35:06,UTC,19468.04879600,19468.05700800
BTC,Bitcoin,EUR,Euro,19474.90727700,2020-12-22 23:40:03,UTC,19474.84980000,19474.90727700
BTC,Bitcoin,EUR,Euro,19479.22422300,2020-12-22 23:45:03,UTC,19480.57837800,19480.58658500
BTC,Bitcoin,EUR,Euro,19475.90859500,2020-12-22 23:50:01,UTC,19475.99887200,19476.00707900
BTC,Bitcoin,EUR,Euro,19519.16974800,2020-12-22 23:55:06,UTC,19519.16974800,19519.17795100
BTC,Bitcoin,EUR,Euro,19538.47961000,2020-12-23 00:00:03,UTC,19538.47140700,19538.47961000
BTC,Bitcoin,EUR,Euro,19482.85099600,2020-12-23 00:05:04,UTC,19482.84279200,19482.85099600
BTC,Bitcoin,EUR,Euro,19488.24886800,2020-12-23 00:10:01,UTC,19488.24066200,19488.24886800
BTC,Bitcoin,EUR,Euro,19491.73169100,2020-12-23 00:15:04,UTC,19491.73169100,19491.73989800
BTC,Bitcoin,EUR,Euro,19512.63216000,2020-12-23 00:20:07,UTC,19512.62395200,19512.63216000
BTC,Bitcoin,EUR,Euro,19545.06206100,2020-12-23 00:25:07,UTC,19545.06206100,19545.07027200
BTC,Bitcoin,EUR,Euro,19558.29867600,2020-12-23 00:30:01,UTC,19558.29867600,19558.30688800
BTC,Bitcoin,EUR,Euro,19606.53352800,2020-12-23 00:35:04,UTC,19606.53352800,19606.54174100
BTC,Bitcoin,EUR,Euro,19583.98063000,2020-12-23 00:40:03,UTC,19583.98063000,19583.98884300
BTC,Bitcoin,EUR,Euro,19546.93178700,2020-12-23 00:45:04,UTC,19546.93178700,19546.94000000
BTC,Bitcoin,EUR,Euro,19577.35544500,2020-12-23 00:50:01,UTC,19577.34723000,19577.35544500
BTC,Bitcoin,EUR,Euro,19646.96203800,2020-12-23 00:55:04,UTC,19646.95382100,19646.96203800
BTC,Bitcoin,EUR,Euro,19725.60000000,2020-12-23 01:00:03,UTC,19725.59178100,19725.60000000
BTC,Bitcoin,EUR,Euro,19735.53521800,2020-12-23 01:05:03,UTC,19735.53521800,19735.54343600
BTC,Bitcoin,EUR,Euro,19685.49155100,2020-12-23 01:10:01,UTC,19685.49155100,19685.49976800
BTC,Bitcoin,EUR,Euro,19612.60065600,2020-12-23 01:15:04,UTC,19612.60065600,19612.60887000
BTC,Bitcoin,EUR,Euro,19586.00210700,2020-12-23 01:20:03,UTC,19585.99389600,19586.00210700
BTC,Bitcoin,EUR,Euro,19568.41372800,2020-12-23 01:25:06,UTC,19568.40552000,19568.41372800
BTC,Bitcoin,EUR,Euro,19576.59230100,2020-12-23 01:30:01,UTC,19576.58409000,19576.59230100
BTC,Bitcoin,EUR,Euro,19502.76720000,2020-12-23 01:35:03,UTC,19502.76720000,19504.96774800
BTC,Bitcoin,EUR,Euro,19500.14293100,2020-12-23 01:40:06,UTC,19500.13472200,19500.14293100
BTC,Bitcoin,EUR,Euro,19441.43596800,2020-12-23 01:45:04,UTC,19441.42776000,19441.43596800
BTC,Bitcoin,EUR,Euro,19461.23366400,2020-12-23 01:50:01,UTC,19461.22545600,19461.23366400
BTC,Bitcoin,EUR,Euro,19483.31448100,2020-12-23 01:55:03,UTC,19483.31448100,19483.32269000
BTC,Bitcoin,EUR,Euro,19457.74344600,2020-12-23 02:00:03,UTC,19457.74344600,19458.58897300
BTC,Bitcoin,EUR,Euro,19486.42679000,2020-12-23 02:05:03,UTC,19486.42679000,19486.43500000
BTC,Bitcoin,EUR,Euro,19392.86563000,2020-12-23 02:10:01,UTC,19392.86563000,19392.87384000
BTC,Bitcoin,EUR,Euro,19402.82526000,2020-12-23 02:15:04,UTC,19402.81705300,19402.82526000
BTC,Bitcoin,EUR,Euro,19429.06526400,2020-12-23 02:20:03,UTC,19429.06526400,19429.07347500
BTC,Bitcoin,EUR,Euro,19434.77590500,2020-12-23 02:25:03,UTC,19434.76769000,19434.77590500
BTC,Bitcoin,EUR,Euro,19465.15935600,2020-12-23 02:30:01,UTC,19465.15935600,19465.16757000
BTC,Bitcoin,EUR,Euro,19457.01186800,2020-12-23 02:35:03,UTC,19457.01186800,19457.73452400
BTC,Bitcoin,EUR,Euro,19458.21431400,2020-12-23 02:40:04,UTC,19458.20610300,19458.21431400
BTC,Bitcoin,EUR,Euro,19443.67153200,2020-12-23 02:45:03,UTC,19442.49693000,19444.95291600
BTC,Bitcoin,EUR,Euro,19389.56249400,2020-12-23 02:50:01,UTC,19389.55428100,19389.56249400
BTC,Bitcoin,EUR,Euro,19409.43154000,2020-12-23 02:55:02,UTC,19409.42332800,19409.43154000
BTC,Bitcoin,EUR,Euro,19398.88356000,2020-12-23 03:00:03,UTC,19398.88356000,19398.89177000
BTC,Bitcoin,EUR,Euro,19420.71652000,2020-12-23 03:05:03,UTC,19420.75755500,19420.76576200
BTC,Bitcoin,EUR,Euro,19410.81465000,2020-12-23 03:10:01,UTC,19411.11823500,19411.12644000
BTC,Bitcoin,EUR,Euro,19382.75314800,2020-12-23 03:15:04,UTC,19382.74494600,19382.75314800
BTC,Bitcoin,EUR,Euro,19481.23480800,2020-12-23 03:20:03,UTC,19481.22660400,19481.23480800
BTC,Bitcoin,EUR,Euro,19472.34987600,2020-12-23 03:25:03,UTC,19472.34167200,19472.34987600
BTC,Bitcoin,EUR,Euro,19448.45988800,2020-12-23 03:30:01,UTC,19448.45988800,19448.46809100
BTC,Bitcoin,EUR,Euro,19462.06308000,2020-12-23 03:35:03,UTC,19462.05487500,19462.06308000
BTC,Bitcoin,EUR,Euro,19489.89002800,2020-12-23 03:40:03,UTC,19489.89002800,19489.89823200
BTC,Bitcoin,EUR,Euro,19468.76395000,2020-12-23 03:45:03,UTC,19468.75574900,19468.76395000
BTC,Bitcoin,EUR,Euro,19430.46562500,2020-12-23 03:50:01,UTC,19430.45742000,19430.46562500
BTC,Bitcoin,EUR,Euro,19419.07310000,2020-12-23 03:55:03,UTC,19419.07310000,19419.08130400
BTC,Bitcoin,EUR,Euro,19440.23267100,2020-12-23 04:00:04,UTC,19440.23267100,19440.24087200
BTC,Bitcoin,EUR,Euro,19351.33383100,2020-12-23 04:05:04,UTC,19351.32563000,19351.33383100
BTC,Bitcoin,EUR,Euro,19308.48360600,2020-12-23 04:10:01,UTC,19308.47540500,19308.48360600
BTC,Bitcoin,EUR,Euro,19330.78785300,2020-12-23 04:15:04,UTC,19330.78785300,19330.79605600
BTC,Bitcoin,EUR,Euro,19347.87721500,2020-12-23 04:20:05,UTC,19347.67224000,19347.68043900
BTC,Bitcoin,EUR,Euro,19373.46012900,2020-12-23 04:25:03,UTC,19373.45192800,19373.46012900
BTC,Bitcoin,EUR,Euro,19379.54616600,2020-12-23 04:30:01,UTC,19379.53796400,19379.54616600
BTC,Bitcoin,EUR,Euro,19392.27754100,2020-12-23 04:35:03,UTC,19392.27754100,19392.28574400
BTC,Bitcoin,EUR,Euro,19369.81039200,2020-12-23 04:40:04,UTC,19369.81039200,19370.34352200
BTC,Bitcoin,EUR,Euro,19331.24722100,2020-12-23 04:45:04,UTC,19331.24722100,19331.25542400
BTC,Bitcoin,EUR,Euro,19298.06749800,2020-12-23 04:50:01,UTC,19300.07698800,19300.62652200
BTC,Bitcoin,EUR,Euro,19266.62103000,2020-12-23 04:55:06,UTC,19266.60462600,19266.62103000
BTC,Bitcoin,EUR,Euro,19237.07742600,2020-12-23 05:00:03,UTC,19237.06922400,19237.07742600
BTC,Bitcoin,EUR,Euro,19304.34138100,2020-12-23 05:05:03,UTC,19304.33317800,19304.34138100
BTC,Bitcoin,EUR,Euro,19228.44722500,2020-12-23 05:10:01,UTC,19228.43902200,19228.44722500
BTC,Bitcoin,EUR,Euro,19218.94815100,2020-12-23 05:15:04,UTC,19218.93994800,19218.94815100
BTC,Bitcoin,EUR,Euro,19272.64810800,2020-12-23 05:20:01,UTC,19272.63990400,19272.64810800
BTC,Bitcoin,EUR,Euro,19277.22594000,2020-12-23 05:25:02,UTC,19277.21773600,19277.22594000
BTC,Bitcoin,EUR,Euro,19283.05078000,2020-12-23 05:30:04,UTC,19283.04257600,19283.05078000
BTC,Bitcoin,EUR,Euro,19238.11035900,2020-12-23 05:35:03,UTC,19238.11035900,19238.11856200
BTC,Bitcoin,EUR,Euro,19195.97352400,2020-12-23 05:40:03,UTC,19195.54691600,19195.97352400
BTC,Bitcoin,EUR,Euro,19209.72797900,2020-12-23 05:45:05,UTC,19210.24476800,19210.25297100
BTC,Bitcoin,EUR,Euro,19276.69727100,2020-12-23 05:50:01,UTC,19276.34454200,19276.35274500
BTC,Bitcoin,EUR,Euro,19278.43630700,2020-12-23 05:55:02,UTC,19278.42810400,19278.43630700
BTC,Bitcoin,EUR,Euro,19293.41696400,2020-12-23 06:00:03,UTC,19292.33430000,19292.44912800
BTC,Bitcoin,EUR,Euro,19338.67148700,2020-12-23 06:05:03,UTC,19338.67148700,19338.67968800
BTC,Bitcoin,EUR,Euro,19314.78380000,2020-12-23 06:10:01,UTC,19314.78380000,19314.79200300
BTC,Bitcoin,EUR,Euro,19318.38540800,2020-12-23 06:15:04,UTC,19318.38540800,19318.39361200
BTC,Bitcoin,EUR,Euro,19309.22854500,2020-12-23 06:20:03,UTC,19309.22034000,19309.22854500
BTC,Bitcoin,EUR,Euro,19276.69572000,2020-12-23 06:25:03,UTC,19276.69572000,19276.70392500
BTC,Bitcoin,EUR,Euro,19258.39857000,2020-12-23 06:30:03,UTC,19258.39857000,19258.40677500
BTC,Bitcoin,EUR,Euro,19309.49931000,2020-12-23 06:35:02,UTC,19309.49931000,19309.50751500
BTC,Bitcoin,EUR,Euro,19267.76672800,2020-12-23 06:40:03,UTC,19267.75852400,19267.76672800
BTC,Bitcoin,EUR,Euro,19301.81943000,2020-12-23 06:45:04,UTC,19301.81122500,19301.81943000
BTC,Bitcoin,EUR,Euro,19333.02134400,2020-12-23 06:50:01,UTC,19333.02134400,19333.02954800
BTC,Bitcoin,EUR,Euro,19244.90955000,2020-12-23 06:55:03,UTC,19244.90134500,19244.90955000
BTC,Bitcoin,EUR,Euro,19273.65166500,2020-12-23 07:00:04,UTC,19273.65166500,19273.65987000
BTC,Bitcoin,EUR,Euro,19264.78307600,2020-12-23 07:05:02,UTC,19264.77487000,19264.78307600
BTC,Bitcoin,EUR,Euro,19250.92240200,2020-12-23 07:10:01,UTC,19250.92240200,19250.93060400
BTC,Bitcoin,EUR,Euro,19173.11553000,2020-12-23 07:15:03,UTC,19172.95155000,19172.95974900
BTC,Bitcoin,EUR,Euro,19189.50949000,2020-12-23 07:20:03,UTC,19189.50949000,19189.51768800
BTC,Bitcoin,EUR,Euro,19222.39152000,2020-12-23 07:25:04,UTC,19222.38332100,19222.39152000
BTC,Bitcoin,EUR,Euro,19249.78437900,2020-12-23 07:30:03,UTC,19249.78437900,19249.79257800
BTC,Bitcoin,EUR,Euro,19321.62412600,2020-12-23 07:35:02,UTC,19321.62412600,19321.63232300
BTC,Bitcoin,EUR,Euro,19327.20753600,2020-12-23 07:40:02,UTC,19327.20753600,19327.21573500
BTC,Bitcoin,EUR,Euro,19307.31820000,2020-12-23 07:45:05,UTC,19307.31000000,19307.31820000
BTC,Bitcoin,EUR,Euro,19363.56817500,2020-12-23 07:50:01,UTC,19362.07632100,19362.10910900
BTC,Bitcoin,EUR,Euro,19301.38028500,2020-12-23 07:55:03,UTC,19301.38028500,19301.38848000
BTC,Bitcoin,EUR,Euro,19297.64843000,2020-12-23 08:00:04,UTC,19297.64023600,19297.64843000
BTC,Bitcoin,EUR,Euro,19376.24076000,2020-12-23 08:05:03,UTC,19376.24076000,19376.24896200
BTC,Bitcoin,EUR,Euro,19389.81664100,2020-12-23 08:10:01,UTC,19389.81664100,19391.46544400
BTC,Bitcoin,EUR,Euro,19377.48702400,2020-12-23 08:15:03,UTC,19377.47882000,19377.48702400
BTC,Bitcoin,EUR,Euro,19373.91313800,2020-12-23 08:20:02,UTC,19373.91313800,19373.92134700
BTC,Bitcoin,EUR,Euro,19371.10913000,2020-12-23 08:25:02,UTC,19371.10913000,19371.11734000
BTC,Bitcoin,EUR,Euro,19366.93604900,2020-12-23 08:30:02,UTC,19366.92784200,19366.93604900
BTC,Bitcoin,EUR,Euro,19334.74743200,2020-12-23 08:35:02,UTC,19334.73922600,19334.74743200
BTC,Bitcoin,EUR,Euro,19301.65533000,2020-12-23 08:40:02,UTC,19302.09019500,19302.09840000
BTC,Bitcoin,EUR,Euro,19282.08664200,2020-12-23 08:45:04,UTC,19282.08664200,19282.09484500
BTC,Bitcoin,EUR,Euro,19286.66074500,2020-12-23 08:50:01,UTC,19286.66074500,19286.66894600
BTC,Bitcoin,EUR,Euro,19305.87051800,2020-12-23 08:55:03,UTC,19305.87051800,19305.87872400
BTC,Bitcoin,EUR,Euro,19256.88000000,2020-12-23 09:00:04,UTC,19256.88000000,19256.88820000
BTC,Bitcoin,EUR,Euro,19312.99596400,2020-12-23 09:05:03,UTC,19312.99596400,19313.00416200
BTC,Bitcoin,EUR,Euro,19293.72246600,2020-12-23 09:10:01,UTC,19293.72246600,19293.73066400
BTC,Bitcoin,EUR,Euro,19310.29299900,2020-12-23 09:15:04,UTC,19310.28480000,19310.29299900
BTC,Bitcoin,EUR,Euro,19311.70068000,2020-12-23 09:20:02,UTC,19311.70068000,19311.70887800
BTC,Bitcoin,EUR,Euro,19263.66010800,2020-12-23 09:25:02,UTC,19263.65190600,19263.66010800
BTC,Bitcoin,EUR,Euro,19209.97169800,2020-12-23 09:30:02,UTC,19209.97169800,19209.97989600
BTC,Bitcoin,EUR,Euro,19275.83636400,2020-12-23 09:35:03,UTC,19275.82816800,19275.83636400
BTC,Bitcoin,EUR,Euro,19322.22250700,2020-12-23 09:40:03,UTC,19322.21431000,19322.22250700
BTC,Bitcoin,EUR,Euro,19309.77415000,2020-12-23 09:45:03,UTC,19309.76595200,19309.77415000
BTC,Bitcoin,EUR,Euro,19304.68092700,2020-12-23 09:50:01,UTC,19304.67273000,19304.68092700
BTC,Bitcoin,EUR,Euro,19386.86814200,2020-12-23 09:55:04,UTC,19386.86814200,19386.87634000
BTC,Bitcoin,EUR,Euro,19379.60471400,2020-12-23 10:00:04,UTC,19379.60471400,19379.61291200
BTC,Bitcoin,EUR,Euro,19350.39302300,2020-12-23 10:05:03,UTC,19350.39302300,19350.40122600
BTC,Bitcoin,EUR,Euro,19370.54745000,2020-12-23 10:10:01,UTC,19370.54745000,19370.55564900
BTC,Bitcoin,EUR,Euro,19424.52000000,2020-12-23 10:15:04,UTC,19424.52000000,19424.52819600
BTC,Bitcoin,EUR,Euro,19419.63565500,2020-12-23 10:20:02,UTC,19419.51270000,19420.51273400
BTC,Bitcoin,EUR,Euro,19418.96190000,2020-12-23 10:25:02,UTC,19418.96190000,19418.97010300
BTC,Bitcoin,EUR,Euro,19409.07728500,2020-12-23 10:30:03,UTC,19409.07728500,19409.08548800
BTC,Bitcoin,EUR,Euro,19387.04468400,2020-12-23 10:35:03,UTC,19387.04468400,19387.05288800
BTC,Bitcoin,EUR,Euro,19392.55644300,2020-12-23 10:40:02,UTC,19392.55644300,19392.56464600
BTC,Bitcoin,EUR,Euro,19315.02127500,2020-12-23 10:45:04,UTC,19314.82435500,19316.22741000
BTC,Bitcoin,EUR,Euro,19279.40820400,2020-12-23 10:50:01,UTC,19279.40000000,19279.40820400
BTC,Bitcoin,EUR,Euro,19243.36640000,2020-12-23 10:55:04,UTC,19243.35820000,19243.36640000
BTC,Bitcoin,EUR,Euro,19235.60395200,2020-12-23 11:00:04,UTC,19235.26742400,19235.57112000
BTC,Bitcoin,EUR,Euro,19227.42185000,2020-12-23 11:05:03,UTC,19227.42185000,19227.43005300
BTC,Bitcoin,EUR,Euro,18919.90778600,2020-12-23 11:10:01,UTC,18919.90778600,18934.81263700
BTC,Bitcoin,EUR,Euro,18973.40610000,2020-12-23 11:15:04,UTC,18969.12309000,18973.40610000
BTC,Bitcoin,EUR,Euro,18854.09900000,2020-12-23 11:20:03,UTC,18854.09900000,18857.70744000
BTC,Bitcoin,EUR,Euro,18853.80793200,2020-12-23 11:25:03,UTC,18853.80793200,18853.81612800
BTC,Bitcoin,EUR,Euro,18899.68559600,2020-12-23 11:30:03,UTC,18899.67739800,18899.68559600
BTC,Bitcoin,EUR,Euro,18946.84965600,2020-12-23 11:35:02,UTC,18946.84145400,18946.84965600
BTC,Bitcoin,EUR,Euro,18934.34120000,2020-12-23 11:40:03,UTC,18934.34120000,18934.34940000
BTC,Bitcoin,EUR,Euro,18917.77038400,2020-12-23 11:45:05,UTC,18917.77038400,18917.77858200
BTC,Bitcoin,EUR,Euro,18880.33018800,2020-12-23 11:50:01,UTC,18880.33018800,18880.33838400
BTC,Bitcoin,EUR,Euro,18908.78537600,2020-12-23 11:55:04,UTC,18908.78537600,18908.79357400
BTC,Bitcoin,EUR,Euro,18905.02620000,2020-12-23 12:00:04,UTC,18905.02620000,18905.03440000
BTC,Bitcoin,EUR,Euro,18889.61753100,2020-12-23 12:05:03,UTC,18889.61753100,18889.62573200
BTC,Bitcoin,EUR,Euro,18867.19692200,2020-12-23 12:10:01,UTC,18867.18872400,18867.19692200
BTC,Bitcoin,EUR,Euro,18833.02765800,2020-12-23 12:15:04,UTC,18833.01946000,18833.02765800
BTC,Bitcoin,EUR,Euro,18975.20420900,2020-12-23 12:20:03,UTC,18976.91863600,18976.92683900
BTC,Bitcoin,EUR,Euro,19086.55677600,2020-12-23 12:25:02,UTC,19085.81021200,19085.81841600
BTC,Bitcoin,EUR,Euro,19097.68140000,2020-12-23 12:30:05,UTC,19092.19292400,19097.68140000
BTC,Bitcoin,EUR,Euro,19174.69936500,2020-12-23 12:35:02,UTC,19174.69116000,19174.69936500
BTC,Bitcoin,EUR,Euro,19347.38654800,2020-12-23 12:40:03,UTC,19344.16237600,19347.38654800
BTC,Bitcoin,EUR,Euro,19404.52962000,2020-12-23 12:45:05,UTC,19404.52962000,19404.53782500
BTC,Bitcoin,EUR,Euro,19466.42090800,2020-12-23 12:50:02,UTC,19466.42090800,19466.42911400
BTC,Bitcoin,EUR,Euro,19481.17748900,2020-12-23 12:55:04,UTC,19481.17748900,19481.18569600
BTC,Bitcoin,EUR,Euro,19573.99336200,2020-12-23 13:00:05,UTC,19573.98515600,19573.99336200
BTC,Bitcoin,EUR,Euro,19491.08019500,2020-12-23 13:05:02,UTC,19491.08019500,19491.08840400
BTC,Bitcoin,EUR,Euro,19534.54301400,2020-12-23 13:10:01,UTC,19534.54301400,19535.47119600
BTC,Bitcoin,EUR,Euro,19559.13052500,2020-12-23 13:15:04,UTC,19559.13052500,19559.13874200
BTC,Bitcoin,EUR,Euro,19709.64174400,2020-12-23 13:20:02,UTC,19702.73208800,19707.81779200
BTC,Bitcoin,EUR,Euro,19634.10044400,2020-12-23 13:25:03,UTC,19634.09222600,19634.10044400
BTC,Bitcoin,EUR,Euro,19626.72356700,2020-12-23 13:30:03,UTC,19626.72356700,19626.73178400
BTC,Bitcoin,EUR,Euro,19518.15234600,2020-12-23 13:35:04,UTC,19518.14412900,19518.15234600
BTC,Bitcoin,EUR,Euro,19526.03057600,2020-12-23 13:40:03,UTC,19526.02236000,19526.03057600
BTC,Bitcoin,EUR,Euro,19546.93178700,2020-12-23 13:45:04,UTC,19546.93178700,19546.94000000
BTC,Bitcoin,EUR,Euro,19458.94518000,2020-12-23 13:50:02,UTC,19458.93697500,19458.94518000
BTC,Bitcoin,EUR,Euro,19358.71627200,2020-12-23 13:55:03,UTC,19358.47835600,19358.71627200
BTC,Bitcoin,EUR,Euro,19390.39612400,2020-12-23 14:00:03,UTC,19390.38791200,19390.39612400
BTC,Bitcoin,EUR,Euro,19412.19086400,2020-12-23 14:05:03,UTC,19411.82971200,19411.83792000
BTC,Bitcoin,EUR,Euro,19320.33592800,2020-12-23 14:10:02,UTC,19320.33592800,19320.34413000
BTC,Bitcoin,EUR,Euro,19423.53240000,2020-12-23 14:15:04,UTC,19423.13035500,19423.13856000
BTC,Bitcoin,EUR,Euro,19490.99686100,2020-12-23 14:20:06,UTC,19490.99686100,19491.00506200
BTC,Bitcoin,EUR,Euro,19479.27599800,2020-12-23 14:25:03,UTC,19479.26780000,19479.27599800
BTC,Bitcoin,EUR,Euro,19357.47831200,2020-12-23 14:30:04,UTC,19356.83067000,19357.47831200
BTC,Bitcoin,EUR,Euro,19399.29298800,2020-12-23 14:35:04,UTC,19399.28480100,19399.29298800
BTC,Bitcoin,EUR,Euro,19353.05469000,2020-12-23 14:40:06,UTC,19353.05469000,19353.06287600
BTC,Bitcoin,EUR,Euro,19399.86361600,2020-12-23 14:45:05,UTC,19399.86361600,19399.87179900
BTC,Bitcoin,EUR,Euro,19399.92908000,2020-12-23 14:50:02,UTC,19399.92908000,19399.93726300
BTC,Bitcoin,EUR,Euro,19466.83328800,2020-12-23 14:55:06,UTC,19466.84147100,19467.66795400
BTC,Bitcoin,EUR,Euro,19451.06163000,2020-12-23 15:00:05,UTC,19451.06163000,19451.06982000
BTC,Bitcoin,EUR,Euro,19357.04945800,2020-12-23 15:05:03,UTC,19357.94173200,19357.94991800
BTC,Bitcoin,EUR,Euro,19400.33273700,2020-12-23 15:10:01,UTC,19400.33273700,19400.34092400
BTC,Bitcoin,EUR,Euro,19369.12314500,2020-12-23 15:15:04,UTC,19369.11496000,19369.12314500
BTC,Bitcoin,EUR,Euro,19403.79970400,2020-12-23 15:20:04,UTC,19403.79151800,19403.79970400
BTC,Bitcoin,EUR,Euro,19355.33300000,2020-12-23 15:25:04,UTC,19355.32480900,19355.33300000
BTC,Bitcoin,EUR,Euro,19400.99072000,2020-12-23 15:30:05,UTC,19400.99072000,19400.99891200
BTC,Bitcoin,EUR,Euro,19375.18947000,2020-12-23 15:35:04,UTC,19375.18128000,19375.18947000
BTC,Bitcoin,EUR,Euro,19425.15712000,2020-12-23 15:40:06,UTC,19425.15712000,19425.16531200
BTC,Bitcoin,EUR,Euro,19535.59402500,2020-12-23 15:45:05,UTC,19532.96407200,19535.59402500
BTC,Bitcoin,EUR,Euro,19317.44747800,2020-12-23 16:10:02,UTC,19316.75884600,19317.44747800
BTC,Bitcoin,EUR,Euro,19298.65613200,2020-12-23 16:15:04,UTC,19298.64793500,19298.65613200
BTC,Bitcoin,EUR,Euro,19324.38651500,2020-12-23 16:20:05,UTC,19324.38651500,19324.39471200
BTC,Bitcoin,EUR,Euro,19301.36031200,2020-12-23 16:25:03,UTC,19301.36031200,19301.36850600
BTC,Bitcoin,EUR,Euro,19319.29697800,2020-12-23 16:30:02,UTC,19319.29697800,19319.30517200
BTC,Bitcoin,EUR,Euro,19337.19981600,2020-12-23 16:35:04,UTC,19337.19981600,19337.20801200
BTC,Bitcoin,EUR,Euro,19303.36347500,2020-12-23 16:40:07,UTC,19303.35528000,19303.36347500
BTC,Bitcoin,EUR,Euro,19267.64856000,2020-12-23 16:45:03,UTC,19267.64856000,19267.65675600
BTC,Bitcoin,EUR,Euro,19299.44304400,2020-12-23 16:50:01,UTC,19299.43484700,19299.44304400
BTC,Bitcoin,EUR,Euro,19283.42610600,2020-12-23 16:55:07,UTC,19283.42610600,19283.43430300
BTC,Bitcoin,EUR,Euro,19188.98481800,2020-12-23 17:00:04,UTC,19188.98481800,19188.99301600
BTC,Bitcoin,EUR,Euro,19256.38877400,2020-12-23 17:05:03,UTC,19256.38057600,19256.38877400
BTC,Bitcoin,EUR,Euro,19213.85001600,2020-12-23 17:10:01,UTC,19213.85001600,19213.85821200
BTC,Bitcoin,EUR,Euro,19325.76844800,2020-12-23 17:15:03,UTC,19325.76844800,19325.77664600
BTC,Bitcoin,EUR,Euro,19305.74356800,2020-12-23 17:20:03,UTC,19305.74356800,19305.75176400
BTC,Bitcoin,EUR,Euro,19311.47113600,2020-12-23 17:25:03,UTC,19311.47113600,19311.47933400
BTC,Bitcoin,EUR,Euro,19259.78040000,2020-12-23 17:30:02,UTC,19259.78040000,19259.78859600
BTC,Bitcoin,EUR,Euro,19344.98293800,2020-12-23 17:35:03,UTC,19344.98293800,19344.99114000
BTC,Bitcoin,EUR,Euro,19354.36000000,2020-12-23 17:40:03,UTC,19354.35179900,19354.69624100
BTC,Bitcoin,EUR,Euro,19381.47419000,2020-12-23 17:45:04,UTC,19381.46598700,19381.54801700
BTC,Bitcoin,EUR,Euro,19363.80820500,2020-12-23 17:50:01,UTC,19363.80000000,19363.80820500
BTC,Bitcoin,EUR,Euro,19372.12981200,2020-12-23 19:50:02,UTC,19372.12981200,19372.13801600
BTC,Bitcoin,EUR,Euro,19322.16745200,2020-12-23 19:55:04,UTC,19323.25858400,19323.26678800
BTC,Bitcoin,EUR,Euro,19342.38182400,2020-12-23 20:00:03,UTC,19342.37361600,19342.38182400
BTC,Bitcoin,EUR,Euro,19362.87358400,2020-12-23 20:05:04,UTC,19362.87358400,19362.88179100
BTC,Bitcoin,EUR,Euro,19325.40960000,2020-12-23 20:10:01,UTC,19325.40138900,19325.40960000
BTC,Bitcoin,EUR,Euro,19329.63005400,2020-12-23 20:15:05,UTC,19329.62184300,19329.63005400
BTC,Bitcoin,EUR,Euro,19333.04583000,2020-12-23 20:20:04,UTC,19333.03761900,19333.04583000
BTC,Bitcoin,EUR,Euro,19311.83293000,2020-12-23 20:25:03,UTC,19311.83293000,19311.84114000
BTC,Bitcoin,EUR,Euro,19286.45000000,2020-12-23 20:30:01,UTC,19286.45000000,19286.45820700
BTC,Bitcoin,EUR,Euro,19306.30766400,2020-12-23 20:35:04,UTC,19306.30766400,19306.31587200
BTC,Bitcoin,EUR,Euro,19285.45399000,2020-12-23 20:40:04,UTC,19285.45399000,19285.46219600
BTC,Bitcoin,EUR,Euro,19300.13971200,2020-12-23 20:45:03,UTC,19300.13150800,19300.13971200
BTC,Bitcoin,EUR,Euro,19250.45488800,2020-12-23 20:50:01,UTC,19250.45488800,19250.46309000
BTC,Bitcoin,EUR,Euro,19284.60496300,2020-12-23 20:55:04,UTC,19284.73621100,19284.74441400
BTC,Bitcoin,EUR,Euro,19265.52954400,2020-12-23 21:00:03,UTC,19265.52954400,19265.53774200
BTC,Bitcoin,EUR,Euro,19216.34740000,2020-12-23 21:05:03,UTC,19216.34740000,19216.35560000
BTC,Bitcoin,EUR,Euro,19190.46392900,2020-12-23 21:10:01,UTC,19190.46392900,19190.47212600
BTC,Bitcoin,EUR,Euro,19184.94960000,2020-12-23 21:15:03,UTC,19184.94960000,19184.95780000
BTC,Bitcoin,EUR,Euro,19163.54729700,2020-12-23 21:20:04,UTC,19163.54729700,19163.55549600
BTC,Bitcoin,EUR,Euro,19187.76214800,2020-12-23 21:25:03,UTC,19187.75395200,19187.76214800
BTC,Bitcoin,EUR,Euro,19190.12677400,2020-12-23 21:30:01,UTC,19190.12677400,19190.13497500
BTC,Bitcoin,EUR,Euro,19204.98300000,2020-12-23 21:35:03,UTC,19204.97479800,19204.98300000
BTC,Bitcoin,EUR,Euro,19169.53395600,2020-12-23 21:40:04,UTC,19169.53395600,19169.54215800
BTC,Bitcoin,EUR,Euro,19051.82104000,2020-12-23 21:45:03,UTC,19051.81283600,19051.82104000
BTC,Bitcoin,EUR,Euro,19087.03260800,2020-12-23 21:50:01,UTC,19087.03260800,19087.04081200
BTC,Bitcoin,EUR,Euro,19117.48537600,2020-12-23 21:55:06,UTC,19117.48537600,19117.49358200
BTC,Bitcoin,EUR,Euro,19126.60050000,2020-12-23 22:00:03,UTC,19126.59229600,19126.60050000
BTC,Bitcoin,EUR,Euro,19136.97670600,2020-12-23 22:05:04,UTC,19137.23904200,19137.24724000
BTC,Bitcoin,EUR,Euro,19017.56113600,2020-12-23 22:10:01,UTC,19016.78175600,19016.78996000
BTC,Bitcoin,EUR,Euro,18896.65228100,2020-12-23 22:15:03,UTC,18895.97143200,18897.34133300
BTC,Bitcoin,EUR,Euro,18830.15980200,2020-12-23 22:20:08,UTC,18827.69100000,18830.15980200
BTC,Bitcoin,EUR,Euro,18746.70193800,2020-12-23 22:25:03,UTC,18748.75168800,18750.58006500
BTC,Bitcoin,EUR,Euro,18895.14390400,2020-12-23 22:30:01,UTC,18895.14390400,18897.80825400
BTC,Bitcoin,EUR,Euro,18924.85189200,2020-12-23 22:35:05,UTC,18925.50805200,18925.51625400
BTC,Bitcoin,EUR,Euro,18980.80798500,2020-12-23 22:40:03,UTC,18980.80798500,18980.81618400
BTC,Bitcoin,EUR,Euro,18981.30260000,2020-12-23 22:45:04,UTC,18981.30260000,18981.31080000
BTC,Bitcoin,EUR,Euro,19159.86508400,2020-12-23 22:50:01,UTC,19159.86508400,19159.87328500
BTC,Bitcoin,EUR,Euro,19125.81922800,2020-12-23 22:55:03,UTC,19125.81103000,19125.81922800
BTC,Bitcoin,EUR,Euro,19093.14200000,2020-12-23 23:00:04,UTC,19093.14200000,19093.15019800
BTC,Bitcoin,EUR,Euro,19106.70620200,2020-12-23 23:05:04,UTC,19106.69800100,19106.70620200
BTC,Bitcoin,EUR,Euro,19100.73558000,2020-12-23 23:10:01,UTC,19100.73558000,19100.74378200
BTC,Bitcoin,EUR,Euro,19134.61420500,2020-12-23 23:15:03,UTC,19134.60600400,19134.61420500
BTC,Bitcoin,EUR,Euro,19136.03297800,2020-12-23 23:20:06,UTC,19137.34513800,19141.69986900
BTC,Bitcoin,EUR,Euro,19225.63710400,2020-12-23 23:25:04,UTC,19225.62890300,19225.63710400
BTC,Bitcoin,EUR,Euro,19162.70169000,2020-12-23 23:30:01,UTC,19162.70169000,19162.70989200
BTC,Bitcoin,EUR,Euro,19159.66262000,2020-12-23 23:35:08,UTC,19159.65441600,19159.66262000
BTC,Bitcoin,EUR,Euro,19156.60252800,2020-12-23 23:40:04,UTC,19156.43024400,19156.43844800
BTC,Bitcoin,EUR,Euro,19167.22670800,2020-12-23 23:45:04,UTC,19167.21850400,19167.22670800
BTC,Bitcoin,EUR,Euro,19085.23380000,2020-12-23 23:50:01,UTC,19085.22559800,19085.23380000
BTC,Bitcoin,EUR,Euro,19054.79387200,2020-12-23 23:55:03,UTC,19055.04810300,19055.05630400
BTC,Bitcoin,EUR,Euro,19045.59360000,2020-12-24 00:00:03,UTC,19045.58540200,19045.59360000
BTC,Bitcoin,EUR,Euro,18952.22632100,2020-12-24 00:05:03,UTC,18951.98041100,18952.22632100
BTC,Bitcoin,EUR,Euro,19009.86774500,2020-12-24 00:10:01,UTC,19009.85955000,19009.86774500
BTC,Bitcoin,EUR,Euro,18939.96953600,2020-12-24 00:15:03,UTC,18937.07776000,18943.38560000
BTC,Bitcoin,EUR,Euro,18846.38665700,2020-12-24 00:20:03,UTC,18845.78007900,18846.38665700
BTC,Bitcoin,EUR,Euro,18816.40203100,2020-12-24 00:25:05,UTC,18816.07415100,18816.08234800
BTC,Bitcoin,EUR,Euro,18859.72544400,2020-12-24 00:30:01,UTC,18849.70993200,18859.25827200
BTC,Bitcoin,EUR,Euro,18862.36676200,2020-12-24 00:35:08,UTC,18862.35856800,18862.36676200
BTC,Bitcoin,EUR,Euro,18732.23753500,2020-12-24 00:40:08,UTC,18732.23753500,18733.70444000
BTC,Bitcoin,EUR,Euro,18747.58041600,2020-12-24 00:45:03,UTC,18747.58041600,18747.58860800
BTC,Bitcoin,EUR,Euro,18850.82141600,2020-12-24 00:50:01,UTC,18850.81322200,18850.82141600
BTC,Bitcoin,EUR,Euro,18810.81939000,2020-12-24 00:55:06,UTC,18810.81119500,18810.81939000
BTC,Bitcoin,EUR,Euro,18901.82451000,2020-12-24 01:00:03,UTC,18901.82451000,18901.83270300
BTC,Bitcoin,EUR,Euro,18875.27187000,2020-12-24 01:05:06,UTC,18875.37015000,18875.37834000
BTC,Bitcoin,EUR,Euro,18926.99991000,2020-12-24 01:10:01,UTC,18925.29639000,18925.30458000
BTC,Bitcoin,EUR,Euro,18896.79519000,2020-12-24 01:15:03,UTC,18896.79519000,18896.80338000
BTC,Bitcoin,EUR,Euro,18777.28671000,2020-12-24 01:20:06,UTC,18777.27852000,18777.28671000
BTC,Bitcoin,EUR,Euro,18833.86602000,2020-12-24 01:25:03,UTC,18834.62741100,18834.63559800
BTC,Bitcoin,EUR,Euro,18814.58781600,2020-12-24 01:30:01,UTC,18814.57962700,18814.58781600
BTC,Bitcoin,EUR,Euro,18761.69523200,2020-12-24 01:35:04,UTC,18761.68704000,18761.69523200
BTC,Bitcoin,EUR,Euro,18861.68275500,2020-12-24 01:40:03,UTC,18861.67456600,18861.68275500
BTC,Bitcoin,EUR,Euro,18975.92749400,2020-12-24 01:45:04,UTC,18974.52717500,18976.31237700
BTC,Bitcoin,EUR,Euro,18951.29399600,2020-12-24 01:50:02,UTC,18951.56413400,18951.94887600
BTC,Bitcoin,EUR,Euro,18987.54979000,2020-12-24 01:55:06,UTC,18987.54160400,18987.54979000
BTC,Bitcoin,EUR,Euro,19012.08566000,2020-12-24 02:00:04,UTC,19011.82364400,19011.83183200
BTC,Bitcoin,EUR,Euro,18936.19901200,2020-12-24 02:05:03,UTC,18936.08440800,18936.20719800
BTC,Bitcoin,EUR,Euro,18988.52663700,2020-12-24 02:10:01,UTC,18988.51845000,18988.52663700
BTC,Bitcoin,EUR,Euro,18946.89574200,2020-12-24 02:15:03,UTC,18946.89574200,18946.90392900
BTC,Bitcoin,EUR,Euro,18918.52778700,2020-12-24 02:20:04,UTC,18918.52778700,18918.53597400
BTC,Bitcoin,EUR,Euro,18905.40328000,2020-12-24 02:25:04,UTC,18905.14951400,18905.15770000
BTC,Bitcoin,EUR,Euro,18851.94870000,2020-12-24 02:30:01,UTC,18851.94870000,18851.95688600
BTC,Bitcoin,EUR,Euro,18841.88407200,2020-12-24 02:35:06,UTC,18841.88407200,18841.89225600
BTC,Bitcoin,EUR,Euro,18906.87559800,2020-12-24 02:40:04,UTC,18906.86741600,18906.87559800
BTC,Bitcoin,EUR,Euro,18798.90693500,2020-12-24 02:45:03,UTC,18799.26707500,18799.27526000
BTC,Bitcoin,EUR,Euro,18735.66724800,2020-12-24 02:50:01,UTC,18735.66724800,18735.67543000
BTC,Bitcoin,EUR,Euro,18715.05161000,2020-12-24 02:55:03,UTC,18715.04342500,18715.05161000
BTC,Bitcoin,EUR,Euro,18646.02987000,2020-12-24 03:00:04,UTC,18646.25089200,18646.25907800
BTC,Bitcoin,EUR,Euro,18673.06676600,2020-12-24 03:05:03,UTC,18673.05858400,18673.06676600
BTC,Bitcoin,EUR,Euro,18705.45679200,2020-12-24 03:10:01,UTC,18705.03940800,18705.04759200
BTC,Bitcoin,EUR,Euro,18625.43404500,2020-12-24 03:15:04,UTC,18625.43404500,18625.44223000
BTC,Bitcoin,EUR,Euro,18705.98875200,2020-12-24 03:20:06,UTC,18705.98875200,18705.99693600
BTC,Bitcoin,EUR,Euro,18718.18646500,2020-12-24 03:25:03,UTC,18714.92065000,18718.18646500
BTC,Bitcoin,EUR,Euro,18687.74572600,2020-12-24 03:30:02,UTC,18687.73754000,18687.74572600
BTC,Bitcoin,EUR,Euro,18763.19991000,2020-12-24 03:35:06,UTC,18763.19991000,18763.20810000
BTC,Bitcoin,EUR,Euro,18747.28030800,2020-12-24 03:40:03,UTC,18745.03707000,18745.04525700
BTC,Bitcoin,EUR,Euro,18704.01993800,2020-12-24 03:45:03,UTC,18704.01993800,18704.02812700
BTC,Bitcoin,EUR,Euro,18739.01153500,2020-12-24 03:50:01,UTC,18739.00334600,18739.01153500
BTC,Bitcoin,EUR,Euro,18737.90919000,2020-12-24 03:55:06,UTC,18737.90919000,18737.91738000
BTC,Bitcoin,EUR,Euro,19100.11412400,2020-12-24 08:45:03,UTC,19100.49933600,19100.50753200
BTC,Bitcoin,EUR,Euro,19068.61670400,2020-12-24 08:50:02,UTC,19068.60851200,19068.61670400
BTC,Bitcoin,EUR,Euro,19135.09554000,2020-12-24 08:55:03,UTC,19135.08734500,19135.09554000
BTC,Bitcoin,EUR,Euro,19218.81168000,2020-12-24 09:00:07,UTC,19218.81168000,19218.81987300
BTC,Bitcoin,EUR,Euro,19174.71695400,2020-12-24 09:05:03,UTC,19174.71695400,19174.72514700
BTC,Bitcoin,EUR,Euro,19130.86775400,2020-12-24 09:10:01,UTC,19130.85956000,19130.86775400
BTC,Bitcoin,EUR,Euro,19118.39590500,2020-12-24 09:15:03,UTC,19118.13360100,19118.70739100
BTC,Bitcoin,EUR,Euro,19074.37012400,2020-12-24 09:20:03,UTC,19074.36193000,19074.37012400
BTC,Bitcoin,EUR,Euro,19121.45650800,2020-12-24 09:25:02,UTC,19121.44831200,19121.45650800
BTC,Bitcoin,EUR,Euro,19101.67142400,2020-12-24 09:30:02,UTC,19101.66323200,19101.67142400
BTC,Bitcoin,EUR,Euro,19085.48426400,2020-12-24 09:35:02,UTC,19085.48426400,19085.89406400
BTC,Bitcoin,EUR,Euro,19082.02135200,2020-12-24 09:40:03,UTC,19081.19385900,19081.44784200
BTC,Bitcoin,EUR,Euro,19110.89078200,2020-12-24 09:45:03,UTC,19110.89078200,19110.89897600
BTC,Bitcoin,EUR,Euro,19119.23990100,2020-12-24 09:50:01,UTC,19119.23990100,19119.24810000
BTC,Bitcoin,EUR,Euro,19133.45360000,2020-12-24 09:55:03,UTC,19133.44540000,19133.45360000
BTC,Bitcoin,EUR,Euro,19149.15660000,2020-12-24 10:00:04,UTC,19149.15660000,19150.73100000
BTC,Bitcoin,EUR,Euro,19089.84600000,2020-12-24 10:05:02,UTC,19089.84600000,19089.85420000
BTC,Bitcoin,EUR,Euro,19090.61680000,2020-12-24 10:10:01,UTC,19090.60860000,19090.61680000
BTC,Bitcoin,EUR,Euro,19067.79378400,2020-12-24 10:15:04,UTC,19067.79378400,19067.80198200
BTC,Bitcoin,EUR,Euro,19026.94197600,2020-12-24 10:20:01,UTC,19026.93377900,19026.94197600
BTC,Bitcoin,EUR,Euro,19055.38556600,2020-12-24 10:25:02,UTC,19055.38556600,19055.39376300
BTC,Bitcoin,EUR,Euro,18994.72168800,2020-12-24 10:30:05,UTC,18994.72168800,18994.72988700
BTC,Bitcoin,EUR,Euro,19004.52162000,2020-12-24 10:35:02,UTC,19003.75100800,19003.75920600
BTC,Bitcoin,EUR,Euro,19028.03217700,2020-12-24 10:40:01,UTC,19029.26992400,19029.27812100
BTC,Bitcoin,EUR,Euro,19058.89843000,2020-12-24 10:45:04,UTC,19058.50507000,19058.51326500
BTC,Bitcoin,EUR,Euro,19017.66297200,2020-12-24 10:50:03,UTC,19017.66297200,19017.67116900
BTC,Bitcoin,EUR,Euro,19021.35056400,2020-12-24 10:55:02,UTC,19021.34236800,19021.35056400
BTC,Bitcoin,EUR,Euro,18944.50442500,2020-12-24 11:00:03,UTC,18944.50442500,18944.51262000
BTC,Bitcoin,EUR,Euro,18928.53369000,2020-12-24 11:05:02,UTC,18928.52549700,18928.53369000
BTC,Bitcoin,EUR,Euro,18914.22658800,2020-12-24 11:10:02,UTC,18911.94865600,18913.46454600
BTC,Bitcoin,EUR,Euro,18945.97958400,2020-12-24 11:15:03,UTC,18945.81576400,18945.98777500
BTC,Bitcoin,EUR,Euro,18982.86522000,2020-12-24 11:20:01,UTC,18982.70951500,18983.58638000
BTC,Bitcoin,EUR,Euro,19052.35062500,2020-12-24 11:25:02,UTC,19052.34243000,19052.35062500
BTC,Bitcoin,EUR,Euro,19041.34474000,2020-12-24 11:30:04,UTC,19041.33654500,19041.34474000
BTC,Bitcoin,EUR,Euro,19026.91867000,2020-12-24 11:35:02,UTC,19026.95144600,19026.95964000
BTC,Bitcoin,EUR,Euro,19009.46545000,2020-12-24 11:40:03,UTC,19009.45725600,19009.46545000
BTC,Bitcoin,EUR,Euro,19026.05287000,2020-12-24 11:45:04,UTC,19026.05287000,19026.06106500
BTC,Bitcoin,EUR,Euro,19018.22856500,2020-12-24 11:50:01,UTC,19018.22856500,19018.23676200
BTC,Bitcoin,EUR,Euro,19058.03948200,2020-12-24 11:55:02,UTC,19058.03128800,19058.03948200
BTC,Bitcoin,EUR,Euro,19033.13071100,2020-12-24 12:00:03,UTC,19033.13071100,19033.13890800
BTC,Bitcoin,EUR,Euro,19058.72174500,2020-12-24 12:05:02,UTC,19058.71354800,19058.72174500
BTC,Bitcoin,EUR,Euro,19011.60342900,2020-12-24 12:10:01,UTC,19011.59523000,19011.60342900
BTC,Bitcoin,EUR,Euro,18985.19893400,2020-12-24 12:15:04,UTC,18985.19893400,18985.20713200
BTC,Bitcoin,EUR,Euro,18975.03496800,2020-12-24 12:20:03,UTC,18975.03496800,18975.04316400
BTC,Bitcoin,EUR,Euro,18934.89600600,2020-12-24 12:25:02,UTC,18934.25656200,18934.26476000
BTC,Bitcoin,EUR,Euro,18938.75942400,2020-12-24 12:30:03,UTC,18938.75942400,18938.76761800
BTC,Bitcoin,EUR,Euro,18917.36048400,2020-12-24 12:35:03,UTC,18917.18832600,18917.19652400
BTC,Bitcoin,EUR,Euro,18990.62600000,2020-12-24 12:40:02,UTC,18991.15900000,18991.16720000
BTC,Bitcoin,EUR,Euro,18990.80967000,2020-12-24 12:45:03,UTC,18990.51443400,18990.52263500
BTC,Bitcoin,EUR,Euro,18916.62621300,2020-12-24 12:50:01,UTC,18916.62621300,18916.63441200
BTC,Bitcoin,EUR,Euro,18979.03403800,2020-12-24 12:55:04,UTC,18979.02584000,18979.03403800
BTC,Bitcoin,EUR,Euro,19030.75611600,2020-12-24 13:00:03,UTC,19030.75611600,19030.76431800
BTC,Bitcoin,EUR,Euro,19009.57620000,2020-12-24 13:05:02,UTC,19010.25680000,19010.26500000
BTC,Bitcoin,EUR,Euro,19021.47502500,2020-12-24 13:10:02,UTC,19021.47502500,19021.48322400
BTC,Bitcoin,EUR,Euro,19017.96585300,2020-12-24 13:15:03,UTC,19017.96585300,19017.97405200
BTC,Bitcoin,EUR,Euro,19052.42253400,2020-12-24 13:20:01,UTC,19052.42253400,19052.43073200
BTC,Bitcoin,EUR,Euro,19013.38428000,2020-12-24 13:25:05,UTC,19013.38428000,19013.39248200
BTC,Bitcoin,EUR,Euro,18999.63772800,2020-12-24 13:30:03,UTC,18999.62952600,18999.63772800
BTC,Bitcoin,EUR,Euro,19052.70466800,2020-12-24 13:35:06,UTC,19052.70466800,19052.71287000
BTC,Bitcoin,EUR,Euro,19117.55090700,2020-12-24 13:40:01,UTC,19117.54270800,19117.55090700
BTC,Bitcoin,EUR,Euro,19129.24268100,2020-12-24 13:45:04,UTC,19130.71850100,19130.74309800
BTC,Bitcoin,EUR,Euro,19109.71266300,2020-12-24 13:50:04,UTC,19109.71266300,19109.72086200
BTC,Bitcoin,EUR,Euro,19140.64121200,2020-12-24 13:55:05,UTC,19140.64121200,19145.21569600
BTC,Bitcoin,EUR,Euro,19182.95910000,2020-12-24 14:00:02,UTC,19182.13079900,19182.95910000
BTC,Bitcoin,EUR,Euro,19143.75832000,2020-12-24 14:05:03,UTC,19143.75011900,19143.75832000
BTC,Bitcoin,EUR,Euro,19134.14535400,2020-12-24 14:10:07,UTC,19134.59602400,19134.60421800
BTC,Bitcoin,EUR,Euro,19144.66500000,2020-12-24 14:15:03,UTC,19144.08287100,19144.09107000
BTC,Bitcoin,EUR,Euro,19107.06752400,2020-12-24 14:20:01,UTC,19107.06752400,19107.07572600
BTC,Bitcoin,EUR,Euro,19143.66251600,2020-12-24 14:25:05,UTC,19143.66251600,19143.67072200
BTC,Bitcoin,EUR,Euro,19158.71095600,2020-12-24 14:30:03,UTC,19158.71095600,19158.71916000
BTC,Bitcoin,EUR,Euro,19118.74850600,2020-12-24 14:35:04,UTC,19118.74850600,19118.75670900
BTC,Bitcoin,EUR,Euro,19107.27207100,2020-12-24 14:40:02,UTC,19107.26387000,19107.27207100
BTC,Bitcoin,EUR,Euro,19134.65900000,2020-12-24 14:45:05,UTC,19134.65080000,19134.65900000
BTC,Bitcoin,EUR,Euro,19130.60000000,2020-12-24 14:50:06,UTC,19130.59180000,19130.60000000
BTC,Bitcoin,EUR,Euro,19073.79284400,2020-12-24 14:55:03,UTC,19073.78464500,19073.79284400
BTC,Bitcoin,EUR,Euro,19041.46724700,2020-12-24 15:00:03,UTC,19041.45084500,19041.45904600
BTC,Bitcoin,EUR,Euro,19064.02038800,2020-12-24 15:05:03,UTC,19064.01218400,19064.02038800
BTC,Bitcoin,EUR,Euro,19095.47809800,2020-12-24 15:10:03,UTC,19095.47809800,19095.48630000
BTC,Bitcoin,EUR,Euro,19015.66443600,2020-12-24 15:15:05,UTC,19015.65623400,19015.66443600
BTC,Bitcoin,EUR,Euro,19014.62066100,2020-12-24 15:20:01,UTC,19014.61246200,19014.62066100
BTC,Bitcoin,EUR,Euro,19014.50440000,2020-12-24 15:25:05,UTC,19014.49620000,19014.50440000
BTC,Bitcoin,EUR,Euro,18978.67804000,2020-12-24 15:30:03,UTC,18978.66984300,18978.67804000
BTC,Bitcoin,EUR,Euro,18975.98697300,2020-12-24 15:35:03,UTC,18975.98697300,18976.71668400
BTC,Bitcoin,EUR,Euro,19013.62706100,2020-12-24 15:40:01,UTC,19013.62706100,19013.63526400
BTC,Bitcoin,EUR,Euro,19049.86848800,2020-12-24 15:45:03,UTC,19049.86848800,19049.87669200
BTC,Bitcoin,EUR,Euro,19060.83136300,2020-12-24 15:50:04,UTC,19060.72467200,19060.73287900
BTC,Bitcoin,EUR,Euro,19083.84624000,2020-12-24 15:55:03,UTC,19083.83803200,19083.84624000
BTC,Bitcoin,EUR,Euro,19065.71372200,2020-12-24 16:00:02,UTC,19065.70551600,19065.71372200
BTC,Bitcoin,EUR,Euro,18999.78860000,2020-12-24 16:05:03,UTC,18999.78860000,19000.13312600
BTC,Bitcoin,EUR,Euro,18995.13960400,2020-12-24 16:10:06,UTC,18995.13140000,18995.13960400
BTC,Bitcoin,EUR,Euro,19097.50399200,2020-12-24 16:15:04,UTC,19097.50399200,19097.51219400
BTC,Bitcoin,EUR,Euro,19082.77473200,2020-12-24 16:20:01,UTC,19082.76652800,19082.77473200
BTC,Bitcoin,EUR,Euro,19051.18859800,2020-12-24 16:25:04,UTC,19051.18859800,19051.19680100
BTC,Bitcoin,EUR,Euro,19122.03967500,2020-12-24 16:30:03,UTC,19122.24480000,19122.25300500
BTC,Bitcoin,EUR,Euro,19131.53883000,2020-12-24 16:35:04,UTC,19131.53883000,19131.54703100
BTC,Bitcoin,EUR,Euro,19120.56277500,2020-12-24 16:40:01,UTC,19120.52995500,19120.57098000
BTC,Bitcoin,EUR,Euro,19096.92165000,2020-12-24 16:45:04,UTC,19096.91344800,19096.92165000
BTC,Bitcoin,EUR,Euro,19094.25600000,2020-12-24 16:50:09,UTC,19094.24779800,19094.25600000
BTC,Bitcoin,EUR,Euro,19112.99000000,2020-12-24 16:54:04,UTC,19112.98179700,19112.99000000
BTC,Bitcoin,EUR,Euro,19112.99000000,2020-12-24 16:54:04,UTC,19112.98179700,19112.99000000
BTC,Bitcoin,EUR,Euro,19071.88476700,2020-12-24 16:58:04,UTC,19071.87656400,19071.88476700
BTC,Bitcoin,EUR,Euro,19059.37872400,2020-12-24 17:00:02,UTC,19059.37051700,19059.37872400
BTC,Bitcoin,EUR,Euro,19081.26679300,2020-12-24 17:05:04,UTC,19081.26679300,19081.27500000
BTC,Bitcoin,EUR,Euro,19026.30851000,2020-12-24 17:10:04,UTC,19026.30851000,19026.31671600
BTC,Bitcoin,EUR,Euro,19074.87065900,2020-12-24 17:15:04,UTC,19074.14059200,19074.87886200
BTC,Bitcoin,EUR,Euro,19083.98892400,2020-12-24 17:20:01,UTC,19083.98072000,19083.98892400
BTC,Bitcoin,EUR,Euro,19089.28870800,2020-12-24 17:25:03,UTC,19089.28050400,19089.28870800
BTC,Bitcoin,EUR,Euro,19145.40005300,2020-12-24 17:30:03,UTC,19145.40005300,19145.40825600
BTC,Bitcoin,EUR,Euro,19204.30223400,2020-12-24 17:35:03,UTC,19204.30223400,19204.31043600
BTC,Bitcoin,EUR,Euro,19189.28610300,2020-12-24 17:40:01,UTC,19189.27790000,19189.28610300
BTC,Bitcoin,EUR,Euro,19156.34000000,2020-12-24 17:45:03,UTC,19156.34000000,19156.34820400
BTC,Bitcoin,EUR,Euro,19148.26887000,2020-12-24 17:50:03,UTC,19148.26887000,19148.27707100
BTC,Bitcoin,EUR,Euro,19188.65555600,2020-12-24 18:10:05,UTC,19188.64735200,19188.65555600
BTC,Bitcoin,EUR,Euro,19159.42470400,2020-12-24 18:15:04,UTC,19159.42470400,19159.43290800
BTC,Bitcoin,EUR,Euro,19152.38549400,2020-12-24 18:21:05,UTC,19152.27061000,19152.27881600
BTC,Bitcoin,EUR,Euro,19154.69769600,2020-12-24 18:25:06,UTC,19154.68948800,19154.69769600
BTC,Bitcoin,EUR,Euro,19166.24500000,2020-12-24 18:30:03,UTC,19166.23679000,19166.24500000
